Competitor Component Name (4),Competitor CVEs,Confidence,Sonatype Component Name (552),Sonatype CVEs,Sonatype Occurence Path
moment-timezone-0.5.34.tgz,"WS-2022-0280, WS-2022-0284",2 - WRONG VERSION,@fullcalendar/moment-timezone:5.11.3,,Tusimple-bom.xml/pkg:npm\%40fullcalendar\moment-timezone@5.11.3:6ff24cf64be5981837c6
certifi-2022.9.24-py3-none-any.whl,CVE-2022-23491,WRONG VERSION,,,
lodash-4.17.20.tgz,"CVE-2021-23337, CVE-2020-28500",CORRECT. We also found this.,,,
moment-2.29.1.tgz,"CVE-2022-31129, CVE-2022-24785",CORRECT. We also found this.,,,
,,,@ant-design/colors:3.2.2,,Tusimple-bom.xml/pkg:npm\%40ant-design\colors@3.2.2:5ad43d619e911f3488eb
,,,@ant-design/icons-svg:4.2.1,,Tusimple-bom.xml/pkg:npm\%40ant-design\icons-svg@4.2.1:8630da8eb4471a4aabda
,,,@ant-design/icons-vue:4.0.6,,Tusimple-bom.xml/pkg:npm\%40ant-design\icons-vue@4.0.6:d0c83782e403915928e3
,,,@babel/runtime:7.12.5,,Tusimple-bom.xml/pkg:npm\%40babel\runtime@7.12.5:410e7e487441e1b360c2
,,,@fontsource/blinker:4.5.1,,Tusimple-bom.xml/pkg:npm\%40fontsource\blinker@4.5.1:8da7dd934ac33b6d9385
,,,@fontsource/roboto:4.5.8,,Tusimple-bom.xml/pkg:npm\%40fontsource\roboto@4.5.8:56347764786079838faf
,,,@fortawesome/fontawesome-common-types:0.2.32,,Tusimple-bom.xml/pkg:npm\%40fortawesome\fontawesome-common-types@0.2.32:3436795d5684f2274298
,,,@fortawesome/fontawesome-svg-core:1.2.32,,Tusimple-bom.xml/pkg:npm\%40fortawesome\fontawesome-svg-core@1.2.32:da092bfc7266aa274be8
,,,@fortawesome/free-brands-svg-icons:5.15.1,,Tusimple-bom.xml/pkg:npm\%40fortawesome\free-brands-svg-icons@5.15.1:1dc0563f4036639e53d2
,,,@fortawesome/free-solid-svg-icons:5.15.1,,Tusimple-bom.xml/pkg:npm\%40fortawesome\free-solid-svg-icons@5.15.1:e1432676ddd43108b411
,,,@fortawesome/vue-fontawesome:0.1.10,,Tusimple-bom.xml/pkg:npm\%40fortawesome\vue-fontawesome@0.1.10:eeeec1e4e8850bed0468
,,,@fullcalendar/common:5.11.3,,Tusimple-bom.xml/pkg:npm\%40fullcalendar\common@5.11.3:6d555a06925b8a6d1556
,,,@fullcalendar/core:5.11.3,,Tusimple-bom.xml/pkg:npm\%40fullcalendar\core@5.11.3:26f276347eb83185e03e
,,,@fullcalendar/daygrid:5.11.3,,Tusimple-bom.xml/pkg:npm\%40fullcalendar\daygrid@5.11.3:6bc1f956c95f84438428
,,,@fullcalendar/interaction:5.11.3,,Tusimple-bom.xml/pkg:npm\%40fullcalendar\interaction@5.11.3:c6712c1305ecb8e97595
,,,@fullcalendar/premium-common:5.11.3,,Tusimple-bom.xml/pkg:npm\%40fullcalendar\premium-common@5.11.3:f05099ddfbfc543bde1e
,,,@fullcalendar/resource-common:5.11.3,,Tusimple-bom.xml/pkg:npm\%40fullcalendar\resource-common@5.11.3:e35d05ee16b482af5acf
,,,@fullcalendar/resource-daygrid:5.11.3,,Tusimple-bom.xml/pkg:npm\%40fullcalendar\resource-daygrid@5.11.3:1c7a3244aedf65af960c
,,,@fullcalendar/resource-timegrid:5.11.3,,Tusimple-bom.xml/pkg:npm\%40fullcalendar\resource-timegrid@5.11.3:2b5e32f073602988ad20
,,,@fullcalendar/resource-timeline:5.11.3,,Tusimple-bom.xml/pkg:npm\%40fullcalendar\resource-timeline@5.11.3:ddecfa899f61ea8f996d
,,,@fullcalendar/scrollgrid:5.11.3,,Tusimple-bom.xml/pkg:npm\%40fullcalendar\scrollgrid@5.11.3:23095a094dc82252a6cd
,,,@fullcalendar/timegrid:5.11.3,,Tusimple-bom.xml/pkg:npm\%40fullcalendar\timegrid@5.11.3:77c45b6596da54bfa9b7
,,,@fullcalendar/timeline:5.11.3,,Tusimple-bom.xml/pkg:npm\%40fullcalendar\timeline@5.11.3:a5bfe8de88a953c22d6f
,,,@fullcalendar/vue:5.11.2,,Tusimple-bom.xml/pkg:npm\%40fullcalendar\vue@5.11.2:087fa74f5f5c8ccf59b1
,,,@onesait/onesait-ds:0.0.80,,Tusimple-bom.xml/pkg:a-name\%40onesait\onesait-ds@0.0.80:7d00a8886a649ca5e9c2
,,,@popperjs/core:2.6.0,,Tusimple-bom.xml/pkg:npm\%40popperjs\core@2.6.0:f022195afdfc942e088e
,,,@riophae/vue-treeselect:0.4.0,,Tusimple-bom.xml/pkg:npm\%40riophae\vue-treeselect@0.4.0:0baed5a794cffc580b63
,,,@sentry/browser:7.40.0,,Tusimple-bom.xml/pkg:npm\%40sentry\browser@7.40.0:e088154b4d104dfb33f7
,,,@sentry/core:7.40.0,,Tusimple-bom.xml/pkg:npm\%40sentry\core@7.40.0:1013ddf576ed3a4be9ab
,,,@sentry/replay:7.40.0,,Tusimple-bom.xml/pkg:npm\%40sentry\replay@7.40.0:cf78b5bf92b9a3c04502
,,,@sentry/tracing:7.40.0,,Tusimple-bom.xml/pkg:npm\%40sentry\tracing@7.40.0:4a6bb37febe4d65901be
,,,@sentry/types:7.40.0,,Tusimple-bom.xml/pkg:npm\%40sentry\types@7.40.0:27b012b59d593132e413
,,,@sentry/utils:7.40.0,,Tusimple-bom.xml/pkg:npm\%40sentry\utils@7.40.0:0986f2e93b1d42b1e1ae
,,,@sentry/vue:7.40.0,,Tusimple-bom.xml/pkg:npm\%40sentry\vue@7.40.0:994420acf94cd983e439
,,,@vue/composition-api:0.5.0,,Tusimple-bom.xml/pkg:npm\%40vue\composition-api@0.5.0:2dbaa02a5d1f5d0d407d
,,,@vueuse/core:2.0.28,,Tusimple-bom.xml/pkg:npm\%40vueuse\core@2.0.28:544d54afec1e8b03b1ff
,,,Cython:(cp27-cp27m-macosx_10_6_intel.macosx_10_9_intel.macosx_10_9_x86_64.macosx_10_10_intel.macosx_10_10_x86_64):0.29.14:(.whl),,Tusimple-bom.xml/pkg:pypi\cython@0.29.14?extension=whl&qualifier=cp27-cp27m-macosx_10_6_intel.macosx_10_9_intel.macosx_10_9_x86_64.macosx_10_10_intel.macosx_10_10_x86_64:0f49e536762a8ad4c834
,,,Cython:(cp27-cp27m-manylinux1_i686):0.29.14:(.whl),,Tusimple-bom.xml/pkg:pypi\cython@0.29.14?extension=whl&qualifier=cp27-cp27m-manylinux1_i686:d08fbb5e4096b9ae9841
,,,Cython:(cp27-cp27m-manylinux1_x86_64):0.29.14:(.whl),,Tusimple-bom.xml/pkg:pypi\cython@0.29.14?extension=whl&qualifier=cp27-cp27m-manylinux1_x86_64:5a2abe9bd28ae28f9c90
,,,Cython:(cp27-cp27m-win32):0.29.14:(.whl),,Tusimple-bom.xml/pkg:pypi\cython@0.29.14?extension=whl&qualifier=cp27-cp27m-win32:2bf35fa44593491e6b5e
,,,Cython:(cp27-cp27m-win_amd64):0.29.14:(.whl),,Tusimple-bom.xml/pkg:pypi\cython@0.29.14?extension=whl&qualifier=cp27-cp27m-win_amd64:3c40b7961f9818f31125
,,,Cython:(cp27-cp27mu-manylinux1_i686):0.29.14:(.whl),,Tusimple-bom.xml/pkg:pypi\cython@0.29.14?extension=whl&qualifier=cp27-cp27mu-manylinux1_i686:492ac166cb3e0083c04b
,,,Cython:(cp27-cp27mu-manylinux1_x86_64):0.29.14:(.whl),,Tusimple-bom.xml/pkg:pypi\cython@0.29.14?extension=whl&qualifier=cp27-cp27mu-manylinux1_x86_64:bf084cd6e6f375e3dda8
,,,Cython:(cp34-cp34m-macosx_10_6_intel.macosx_10_9_intel.macosx_10_9_x86_64.macosx_10_10_intel.macosx_10_10_x86_64):0.29.14:(.whl),,Tusimple-bom.xml/pkg:pypi\cython@0.29.14?extension=whl&qualifier=cp34-cp34m-macosx_10_6_intel.macosx_10_9_intel.macosx_10_9_x86_64.macosx_10_10_intel.macosx_10_10_x86_64:dd6aee85f8b7b97b76ac
,,,Cython:(cp34-cp34m-manylinux1_i686):0.29.14:(.whl),,Tusimple-bom.xml/pkg:pypi\cython@0.29.14?extension=whl&qualifier=cp34-cp34m-manylinux1_i686:740aefb9cc48c6ad7640
,,,Cython:(cp34-cp34m-manylinux1_x86_64):0.29.14:(.whl),,Tusimple-bom.xml/pkg:pypi\cython@0.29.14?extension=whl&qualifier=cp34-cp34m-manylinux1_x86_64:3a593bf1019c5c0ca13b
,,,Cython:(cp34-cp34m-win32):0.29.14:(.whl),,Tusimple-bom.xml/pkg:pypi\cython@0.29.14?extension=whl&qualifier=cp34-cp34m-win32:cd2c3ca05c40a9d08b69
,,,Cython:(cp34-cp34m-win_amd64):0.29.14:(.whl),,Tusimple-bom.xml/pkg:pypi\cython@0.29.14?extension=whl&qualifier=cp34-cp34m-win_amd64:591ad7ee5f75a82ec65d
,,,Cython:(cp35-cp35m-macosx_10_6_intel.macosx_10_9_intel.macosx_10_9_x86_64.macosx_10_10_intel.macosx_10_10_x86_64):0.29.14:(.whl),,Tusimple-bom.xml/pkg:pypi\cython@0.29.14?extension=whl&qualifier=cp35-cp35m-macosx_10_6_intel.macosx_10_9_intel.macosx_10_9_x86_64.macosx_10_10_intel.macosx_10_10_x86_64:2a55e5e13c3849cc5f67
,,,Cython:(cp35-cp35m-manylinux1_i686):0.29.14:(.whl),,Tusimple-bom.xml/pkg:pypi\cython@0.29.14?extension=whl&qualifier=cp35-cp35m-manylinux1_i686:892af1715d50d915868e
,,,Cython:(cp35-cp35m-manylinux1_x86_64):0.29.14:(.whl),,Tusimple-bom.xml/pkg:pypi\cython@0.29.14?extension=whl&qualifier=cp35-cp35m-manylinux1_x86_64:dde288b2f30384b617a4
,,,Cython:(cp35-cp35m-win32):0.29.14:(.whl),,Tusimple-bom.xml/pkg:pypi\cython@0.29.14?extension=whl&qualifier=cp35-cp35m-win32:a67359d17e02bbc17175
,,,Cython:(cp35-cp35m-win_amd64):0.29.14:(.whl),,Tusimple-bom.xml/pkg:pypi\cython@0.29.14?extension=whl&qualifier=cp35-cp35m-win_amd64:b89d2739080941eccec7
,,,Cython:(cp36-cp36m-macosx_10_6_intel.macosx_10_9_intel.macosx_10_9_x86_64.macosx_10_10_intel.macosx_10_10_x86_64):0.29.14:(.whl),,Tusimple-bom.xml/pkg:pypi\cython@0.29.14?extension=whl&qualifier=cp36-cp36m-macosx_10_6_intel.macosx_10_9_intel.macosx_10_9_x86_64.macosx_10_10_intel.macosx_10_10_x86_64:793c24c95808f297ac4f
,,,Cython:(cp36-cp36m-manylinux1_i686):0.29.14:(.whl),,Tusimple-bom.xml/pkg:pypi\cython@0.29.14?extension=whl&qualifier=cp36-cp36m-manylinux1_i686:0f56d82d24c233fb65d1
,,,Cython:(cp36-cp36m-manylinux1_x86_64):0.29.14:(.whl),,Tusimple-bom.xml/pkg:pypi\cython@0.29.14?extension=whl&qualifier=cp36-cp36m-manylinux1_x86_64:8e5149ca516ad9ecb3dd
,,,Cython:(cp36-cp36m-win32):0.29.14:(.whl),,Tusimple-bom.xml/pkg:pypi\cython@0.29.14?extension=whl&qualifier=cp36-cp36m-win32:b288cf330e39f9a25d93
,,,Cython:(cp36-cp36m-win_amd64):0.29.14:(.whl),,Tusimple-bom.xml/pkg:pypi\cython@0.29.14?extension=whl&qualifier=cp36-cp36m-win_amd64:df93b427559801c2dbff
,,,Cython:(cp37-cp37m-macosx_10_6_intel.macosx_10_9_intel.macosx_10_9_x86_64.macosx_10_10_intel.macosx_10_10_x86_64):0.29.14:(.whl),,Tusimple-bom.xml/pkg:pypi\cython@0.29.14?extension=whl&qualifier=cp37-cp37m-macosx_10_6_intel.macosx_10_9_intel.macosx_10_9_x86_64.macosx_10_10_intel.macosx_10_10_x86_64:d5ef2dc749c7bfb5d8b1
,,,Cython:(cp37-cp37m-manylinux1_i686):0.29.14:(.whl),,Tusimple-bom.xml/pkg:pypi\cython@0.29.14?extension=whl&qualifier=cp37-cp37m-manylinux1_i686:81504400458ef72374c7
,,,Cython:(cp37-cp37m-manylinux1_x86_64):0.29.14:(.whl),,Tusimple-bom.xml/pkg:pypi\cython@0.29.14?extension=whl&qualifier=cp37-cp37m-manylinux1_x86_64:fc751822e12a6559ec1b
,,,Cython:(cp37-cp37m-win32):0.29.14:(.whl),,Tusimple-bom.xml/pkg:pypi\cython@0.29.14?extension=whl&qualifier=cp37-cp37m-win32:90e055589b87ee415e82
,,,Cython:(cp37-cp37m-win_amd64):0.29.14:(.whl),,Tusimple-bom.xml/pkg:pypi\cython@0.29.14?extension=whl&qualifier=cp37-cp37m-win_amd64:bd20262a8e079fd407bd
,,,Cython:(cp38-cp38-manylinux1_i686):0.29.14:(.whl),,Tusimple-bom.xml/pkg:pypi\cython@0.29.14?extension=whl&qualifier=cp38-cp38-manylinux1_i686:b1da1639181069742ed4
,,,Cython:(cp38-cp38-manylinux1_x86_64):0.29.14:(.whl),,Tusimple-bom.xml/pkg:pypi\cython@0.29.14?extension=whl&qualifier=cp38-cp38-manylinux1_x86_64:f12f9fee08b4af9e6d36
,,,Cython:(cp38-cp38-win32):0.29.14:(.whl),,Tusimple-bom.xml/pkg:pypi\cython@0.29.14?extension=whl&qualifier=cp38-cp38-win32:2a8216ec5e3c68c7bee3
,,,Cython:(cp38-cp38-win_amd64):0.29.14:(.whl),,Tusimple-bom.xml/pkg:pypi\cython@0.29.14?extension=whl&qualifier=cp38-cp38-win_amd64:c240b0b03a88bf9a4738
,,,Cython:0.29.14:(.tar.gz),,Tusimple-bom.xml/pkg:pypi\cython@0.29.14?extension=tar.gz:f86f2dddde3cc7499cb4
,,,Flask-Caching:(py3-none-any):1.10.1:(.whl),CVE-2021-33026,Tusimple-bom.xml/pkg:pypi\flask-caching@1.10.1?extension=whl&qualifier=py3-none-any:d118bdfe337bd4269596
,,,Flask-Caching:1.10.1:(.tar.gz),CVE-2021-33026,Tusimple-bom.xml/pkg:pypi\flask-caching@1.10.1?extension=tar.gz:1166800ef67022b07bc7
,,,Flask-Cors:(py2.py3-none-any):3.0.8:(.whl),CVE-2020-25032,Tusimple-bom.xml/pkg:pypi\flask-cors@3.0.8?extension=whl&qualifier=py2.py3-none-any:f50e268b3287e62d4608
,,,Flask-Cors:3.0.8:(.tar.gz),CVE-2020-25032,Tusimple-bom.xml/pkg:pypi\flask-cors@3.0.8?extension=tar.gz:63e254d5a2052328ae3d
,,,Flask-Sockets:(py2.py3-none-any):0.2.1:(.whl),,Tusimple-bom.xml/pkg:pypi\flask-sockets@0.2.1?extension=whl&qualifier=py2.py3-none-any:da7b920fc32c2777d63e
,,,Flask-Sockets:0.2.1:(.tar.gz),,Tusimple-bom.xml/pkg:pypi\flask-sockets@0.2.1?extension=tar.gz:85cfded02881b279bd5e
,,,Flask:(py2.py3-none-any):1.1.1:(.whl),sonatype-2020-0201,Tusimple-bom.xml/pkg:pypi\flask@1.1.1?extension=whl&qualifier=py2.py3-none-any:5052223bbb818d17941b
,,,Flask:1.1.1:(.tar.gz),sonatype-2020-0201,Tusimple-bom.xml/pkg:pypi\flask@1.1.1?extension=tar.gz:0be9b102a88130da4378
,,,Jinja2:(py2.py3-none-any):2.10.3:(.whl),CVE-2020-28493,Tusimple-bom.xml/pkg:pypi\jinja2@2.10.3?extension=whl&qualifier=py2.py3-none-any:4111b038c0fc0870dcb1
,,,Jinja2:2.10.3:(.tar.gz),CVE-2020-28493,Tusimple-bom.xml/pkg:pypi\jinja2@2.10.3?extension=tar.gz:fbb6a03ad01b766d8166
,,,MarkupSafe:(cp27-cp27m-macosx_10_6_intel):1.1.1:(.whl),,Tusimple-bom.xml/pkg:pypi\markupsafe@1.1.1?extension=whl&qualifier=cp27-cp27m-macosx_10_6_intel:ccd1caaa85465dbf9247
,,,MarkupSafe:(cp27-cp27m-manylinux1_i686):1.1.1:(.whl),,Tusimple-bom.xml/pkg:pypi\markupsafe@1.1.1?extension=whl&qualifier=cp27-cp27m-manylinux1_i686:4f4eb85d71a7616515f1
,,,MarkupSafe:(cp27-cp27m-manylinux1_x86_64):1.1.1:(.whl),,Tusimple-bom.xml/pkg:pypi\markupsafe@1.1.1?extension=whl&qualifier=cp27-cp27m-manylinux1_x86_64:f801a39744335d399969
,,,MarkupSafe:(cp27-cp27m-win32):1.1.1:(.whl),,Tusimple-bom.xml/pkg:pypi\markupsafe@1.1.1?extension=whl&qualifier=cp27-cp27m-win32:f86711ea9d01f3cc0b64
,,,MarkupSafe:(cp27-cp27m-win_amd64):1.1.1:(.whl),,Tusimple-bom.xml/pkg:pypi\markupsafe@1.1.1?extension=whl&qualifier=cp27-cp27m-win_amd64:21493d35f5eca721c3bb
,,,MarkupSafe:(cp27-cp27mu-manylinux1_i686):1.1.1:(.whl),,Tusimple-bom.xml/pkg:pypi\markupsafe@1.1.1?extension=whl&qualifier=cp27-cp27mu-manylinux1_i686:9517fdf66dfa8fe61e0e
,,,MarkupSafe:(cp27-cp27mu-manylinux1_x86_64):1.1.1:(.whl),,Tusimple-bom.xml/pkg:pypi\markupsafe@1.1.1?extension=whl&qualifier=cp27-cp27mu-manylinux1_x86_64:c6de75a9098634137994
,,,MarkupSafe:(cp34-cp34m-macosx_10_6_intel):1.1.1:(.whl),,Tusimple-bom.xml/pkg:pypi\markupsafe@1.1.1?extension=whl&qualifier=cp34-cp34m-macosx_10_6_intel:affbc6cd2f80a2166a74
,,,MarkupSafe:(cp34-cp34m-manylinux1_i686):1.1.1:(.whl),,Tusimple-bom.xml/pkg:pypi\markupsafe@1.1.1?extension=whl&qualifier=cp34-cp34m-manylinux1_i686:9934343ab57f1710dbff
,,,MarkupSafe:(cp34-cp34m-manylinux1_x86_64):1.1.1:(.whl),,Tusimple-bom.xml/pkg:pypi\markupsafe@1.1.1?extension=whl&qualifier=cp34-cp34m-manylinux1_x86_64:7a4f333395d24113f6ca
,,,MarkupSafe:(cp34-cp34m-win32):1.1.1:(.whl),,Tusimple-bom.xml/pkg:pypi\markupsafe@1.1.1?extension=whl&qualifier=cp34-cp34m-win32:c554455afd77524e7c1b
,,,MarkupSafe:(cp34-cp34m-win_amd64):1.1.1:(.whl),,Tusimple-bom.xml/pkg:pypi\markupsafe@1.1.1?extension=whl&qualifier=cp34-cp34m-win_amd64:49add875e1c7d38f3663
,,,MarkupSafe:(cp35-cp35m-macosx_10_6_intel):1.1.1:(.whl),,Tusimple-bom.xml/pkg:pypi\markupsafe@1.1.1?extension=whl&qualifier=cp35-cp35m-macosx_10_6_intel:829ff860f11966cc1dbf
,,,MarkupSafe:(cp35-cp35m-manylinux1_i686):1.1.1:(.whl),,Tusimple-bom.xml/pkg:pypi\markupsafe@1.1.1?extension=whl&qualifier=cp35-cp35m-manylinux1_i686:997345fda7682005dba2
,,,MarkupSafe:(cp35-cp35m-manylinux1_x86_64):1.1.1:(.whl),,Tusimple-bom.xml/pkg:pypi\markupsafe@1.1.1?extension=whl&qualifier=cp35-cp35m-manylinux1_x86_64:4ea3266c05c36ada279f
,,,MarkupSafe:(cp35-cp35m-win32):1.1.1:(.whl),,Tusimple-bom.xml/pkg:pypi\markupsafe@1.1.1?extension=whl&qualifier=cp35-cp35m-win32:38d697718729a3a50b6b
,,,MarkupSafe:(cp35-cp35m-win_amd64):1.1.1:(.whl),,Tusimple-bom.xml/pkg:pypi\markupsafe@1.1.1?extension=whl&qualifier=cp35-cp35m-win_amd64:99629e2b74da7734dd9e
,,,MarkupSafe:(cp36-cp36m-macosx_10_6_intel):1.1.1:(.whl),,Tusimple-bom.xml/pkg:pypi\markupsafe@1.1.1?extension=whl&qualifier=cp36-cp36m-macosx_10_6_intel:3e69f3b4885686e57ee8
,,,MarkupSafe:(cp36-cp36m-macosx_10_9_x86_64):1.1.1:(.whl),,Tusimple-bom.xml/pkg:pypi\markupsafe@1.1.1?extension=whl&qualifier=cp36-cp36m-macosx_10_9_x86_64:007a24863f5a1fcd5593
,,,MarkupSafe:(cp36-cp36m-manylinux1_i686):1.1.1:(.whl),,Tusimple-bom.xml/pkg:pypi\markupsafe@1.1.1?extension=whl&qualifier=cp36-cp36m-manylinux1_i686:27022c65a9a99f9879ca
,,,MarkupSafe:(cp36-cp36m-manylinux1_x86_64):1.1.1:(.whl),,Tusimple-bom.xml/pkg:pypi\markupsafe@1.1.1?extension=whl&qualifier=cp36-cp36m-manylinux1_x86_64:05c0fc2ceb9aa8e8cd00
,,,MarkupSafe:(cp36-cp36m-manylinux2010_i686):1.1.1:(.whl),,Tusimple-bom.xml/pkg:pypi\markupsafe@1.1.1?extension=whl&qualifier=cp36-cp36m-manylinux2010_i686:cb2725ee6d5c3da96054
,,,MarkupSafe:(cp36-cp36m-manylinux2010_x86_64):1.1.1:(.whl),,Tusimple-bom.xml/pkg:pypi\markupsafe@1.1.1?extension=whl&qualifier=cp36-cp36m-manylinux2010_x86_64:bf4a793ac547cd38f9af
,,,MarkupSafe:(cp36-cp36m-manylinux2014_aarch64):1.1.1:(.whl),,Tusimple-bom.xml/pkg:pypi\markupsafe@1.1.1?extension=whl&qualifier=cp36-cp36m-manylinux2014_aarch64:e0b6268b2437ba5f364a
,,,MarkupSafe:(cp36-cp36m-win32):1.1.1:(.whl),,Tusimple-bom.xml/pkg:pypi\markupsafe@1.1.1?extension=whl&qualifier=cp36-cp36m-win32:225a8da1fea32f4b948c
,,,MarkupSafe:(cp36-cp36m-win_amd64):1.1.1:(.whl),,Tusimple-bom.xml/pkg:pypi\markupsafe@1.1.1?extension=whl&qualifier=cp36-cp36m-win_amd64:bab0d6dfa83f230c705d
,,,MarkupSafe:(cp37-cp37m-macosx_10_6_intel):1.1.1:(.whl),,Tusimple-bom.xml/pkg:pypi\markupsafe@1.1.1?extension=whl&qualifier=cp37-cp37m-macosx_10_6_intel:df361cae4a084adb7533
,,,MarkupSafe:(cp37-cp37m-macosx_10_9_x86_64):1.1.1:(.whl),,Tusimple-bom.xml/pkg:pypi\markupsafe@1.1.1?extension=whl&qualifier=cp37-cp37m-macosx_10_9_x86_64:e0fa04e585ef046809a7
,,,MarkupSafe:(cp37-cp37m-manylinux1_i686):1.1.1:(.whl),,Tusimple-bom.xml/pkg:pypi\markupsafe@1.1.1?extension=whl&qualifier=cp37-cp37m-manylinux1_i686:1a2823fa5bd3e47942b1
,,,MarkupSafe:(cp37-cp37m-manylinux1_x86_64):1.1.1:(.whl),,Tusimple-bom.xml/pkg:pypi\markupsafe@1.1.1?extension=whl&qualifier=cp37-cp37m-manylinux1_x86_64:15f2b97b71516c8d6ac8
,,,MarkupSafe:(cp37-cp37m-manylinux2010_i686):1.1.1:(.whl),,Tusimple-bom.xml/pkg:pypi\markupsafe@1.1.1?extension=whl&qualifier=cp37-cp37m-manylinux2010_i686:2ed28ee02203a41e6b14
,,,MarkupSafe:(cp37-cp37m-manylinux2010_x86_64):1.1.1:(.whl),,Tusimple-bom.xml/pkg:pypi\markupsafe@1.1.1?extension=whl&qualifier=cp37-cp37m-manylinux2010_x86_64:9568625719a9f1b48002
,,,MarkupSafe:(cp37-cp37m-manylinux2014_aarch64):1.1.1:(.whl),,Tusimple-bom.xml/pkg:pypi\markupsafe@1.1.1?extension=whl&qualifier=cp37-cp37m-manylinux2014_aarch64:5068376b3dd55c02b90c
,,,MarkupSafe:(cp37-cp37m-win32):1.1.1:(.whl),,Tusimple-bom.xml/pkg:pypi\markupsafe@1.1.1?extension=whl&qualifier=cp37-cp37m-win32:ea6231ad3c0549f577a8
,,,MarkupSafe:(cp37-cp37m-win_amd64):1.1.1:(.whl),,Tusimple-bom.xml/pkg:pypi\markupsafe@1.1.1?extension=whl&qualifier=cp37-cp37m-win_amd64:3a13b3d75c8f3a38cc3e
,,,MarkupSafe:(cp38-cp38-macosx_10_9_x86_64):1.1.1:(.whl),,Tusimple-bom.xml/pkg:pypi\markupsafe@1.1.1?extension=whl&qualifier=cp38-cp38-macosx_10_9_x86_64:fabc580af11f1b7dece8
,,,MarkupSafe:(cp38-cp38-manylinux1_i686):1.1.1:(.whl),,Tusimple-bom.xml/pkg:pypi\markupsafe@1.1.1?extension=whl&qualifier=cp38-cp38-manylinux1_i686:8396583a773a7b35cc43
,,,MarkupSafe:(cp38-cp38-manylinux1_x86_64):1.1.1:(.whl),,Tusimple-bom.xml/pkg:pypi\markupsafe@1.1.1?extension=whl&qualifier=cp38-cp38-manylinux1_x86_64:b77d20fc2c478fe9964b
,,,MarkupSafe:(cp38-cp38-manylinux2010_i686):1.1.1:(.whl),,Tusimple-bom.xml/pkg:pypi\markupsafe@1.1.1?extension=whl&qualifier=cp38-cp38-manylinux2010_i686:9e7d21d8d87d2934d75e
,,,MarkupSafe:(cp38-cp38-manylinux2010_x86_64):1.1.1:(.whl),,Tusimple-bom.xml/pkg:pypi\markupsafe@1.1.1?extension=whl&qualifier=cp38-cp38-manylinux2010_x86_64:e17cfe1c8a338685eba5
,,,MarkupSafe:(cp38-cp38-manylinux2014_aarch64):1.1.1:(.whl),,Tusimple-bom.xml/pkg:pypi\markupsafe@1.1.1?extension=whl&qualifier=cp38-cp38-manylinux2014_aarch64:55cc22c731386ca572e3
,,,MarkupSafe:(cp38-cp38-win32):1.1.1:(.whl),,Tusimple-bom.xml/pkg:pypi\markupsafe@1.1.1?extension=whl&qualifier=cp38-cp38-win32:6f90b7442720ef2aad96
,,,MarkupSafe:(cp38-cp38-win_amd64):1.1.1:(.whl),,Tusimple-bom.xml/pkg:pypi\markupsafe@1.1.1?extension=whl&qualifier=cp38-cp38-win_amd64:d4a38f85285b29773eb8
,,,MarkupSafe:(cp39-cp39-macosx_10_9_x86_64):1.1.1:(.whl),,Tusimple-bom.xml/pkg:pypi\markupsafe@1.1.1?extension=whl&qualifier=cp39-cp39-macosx_10_9_x86_64:4afff6362e75a5a050b8
,,,MarkupSafe:(cp39-cp39-manylinux1_i686):1.1.1:(.whl),,Tusimple-bom.xml/pkg:pypi\markupsafe@1.1.1?extension=whl&qualifier=cp39-cp39-manylinux1_i686:aeee96d749f273d60a51
,,,MarkupSafe:(cp39-cp39-manylinux1_x86_64):1.1.1:(.whl),,Tusimple-bom.xml/pkg:pypi\markupsafe@1.1.1?extension=whl&qualifier=cp39-cp39-manylinux1_x86_64:94c7ea831b5a3233f709
,,,MarkupSafe:(cp39-cp39-manylinux2010_i686):1.1.1:(.whl),,Tusimple-bom.xml/pkg:pypi\markupsafe@1.1.1?extension=whl&qualifier=cp39-cp39-manylinux2010_i686:026714e214a21a24a331
,,,MarkupSafe:(cp39-cp39-manylinux2010_x86_64):1.1.1:(.whl),,Tusimple-bom.xml/pkg:pypi\markupsafe@1.1.1?extension=whl&qualifier=cp39-cp39-manylinux2010_x86_64:e7ac35d3dc0f243fcff0
,,,MarkupSafe:(cp39-cp39-manylinux2014_aarch64):1.1.1:(.whl),,Tusimple-bom.xml/pkg:pypi\markupsafe@1.1.1?extension=whl&qualifier=cp39-cp39-manylinux2014_aarch64:0f840fb3231e6407aa3c
,,,MarkupSafe:(cp39-cp39-win32):1.1.1:(.whl),,Tusimple-bom.xml/pkg:pypi\markupsafe@1.1.1?extension=whl&qualifier=cp39-cp39-win32:36df047c1b9f0cdaac03
,,,MarkupSafe:(cp39-cp39-win_amd64):1.1.1:(.whl),,Tusimple-bom.xml/pkg:pypi\markupsafe@1.1.1?extension=whl&qualifier=cp39-cp39-win_amd64:34aa49f85a5052d8f1e1
,,,MarkupSafe:(pp36-pypy36_pp73-macosx_10_9_x86_64):1.1.1:(.whl),,Tusimple-bom.xml/pkg:pypi\markupsafe@1.1.1?extension=whl&qualifier=pp36-pypy36_pp73-macosx_10_9_x86_64:e9e8c44744c011b9c297
,,,MarkupSafe:(pp36-pypy36_pp73-manylinux1_x86_64):1.1.1:(.whl),,Tusimple-bom.xml/pkg:pypi\markupsafe@1.1.1?extension=whl&qualifier=pp36-pypy36_pp73-manylinux1_x86_64:c69e04a043530a87bf1e
,,,MarkupSafe:(pp36-pypy36_pp73-manylinux2010_x86_64):1.1.1:(.whl),,Tusimple-bom.xml/pkg:pypi\markupsafe@1.1.1?extension=whl&qualifier=pp36-pypy36_pp73-manylinux2010_x86_64:d4389515ace17fcf9f41
,,,MarkupSafe:(pp36-pypy36_pp73-win32):1.1.1:(.whl),,Tusimple-bom.xml/pkg:pypi\markupsafe@1.1.1?extension=whl&qualifier=pp36-pypy36_pp73-win32:5f6352d23bda6983ff88
,,,MarkupSafe:(pp37-pypy37_pp73-macosx_10_9_x86_64):1.1.1:(.whl),,Tusimple-bom.xml/pkg:pypi\markupsafe@1.1.1?extension=whl&qualifier=pp37-pypy37_pp73-macosx_10_9_x86_64:011535e2fc08c9a87da2
,,,MarkupSafe:(pp37-pypy37_pp73-manylinux1_x86_64):1.1.1:(.whl),,Tusimple-bom.xml/pkg:pypi\markupsafe@1.1.1?extension=whl&qualifier=pp37-pypy37_pp73-manylinux1_x86_64:adbb0ee3d979bd4a12ae
,,,MarkupSafe:(pp37-pypy37_pp73-manylinux2010_x86_64):1.1.1:(.whl),,Tusimple-bom.xml/pkg:pypi\markupsafe@1.1.1?extension=whl&qualifier=pp37-pypy37_pp73-manylinux2010_x86_64:f0e1c603bf14e529e9ae
,,,MarkupSafe:(pp37-pypy37_pp73-win32):1.1.1:(.whl),,Tusimple-bom.xml/pkg:pypi\markupsafe@1.1.1?extension=whl&qualifier=pp37-pypy37_pp73-win32:5d78d9b9dcae40e66aeb
,,,MarkupSafe:1.1.1:(.tar.gz),,Tusimple-bom.xml/pkg:pypi\markupsafe@1.1.1?extension=tar.gz:f70e5fd3c120a1b108d4
,,,PyYAML:(cp27-cp27m-win32):5.2:(.whl),CVE-2020-1747,Tusimple-bom.xml/pkg:pypi\pyyaml@5.2?extension=whl&qualifier=cp27-cp27m-win32:c7000f84d9c9bc2d9b15
,,,PyYAML:(cp27-cp27m-win_amd64):5.2:(.whl),CVE-2020-1747,Tusimple-bom.xml/pkg:pypi\pyyaml@5.2?extension=whl&qualifier=cp27-cp27m-win_amd64:1313ae97a4a4c8d5a653
,,,PyYAML:(cp35-cp35m-win32):5.2:(.whl),CVE-2020-1747,Tusimple-bom.xml/pkg:pypi\pyyaml@5.2?extension=whl&qualifier=cp35-cp35m-win32:c00592c13a961b063436
,,,PyYAML:(cp35-cp35m-win_amd64):5.2:(.whl),CVE-2020-1747,Tusimple-bom.xml/pkg:pypi\pyyaml@5.2?extension=whl&qualifier=cp35-cp35m-win_amd64:f867054bb3bdb997df81
,,,PyYAML:(cp36-cp36m-win32):5.2:(.whl),CVE-2020-1747,Tusimple-bom.xml/pkg:pypi\pyyaml@5.2?extension=whl&qualifier=cp36-cp36m-win32:dc4b31982f48b08a3917
,,,PyYAML:(cp36-cp36m-win_amd64):5.2:(.whl),CVE-2020-1747,Tusimple-bom.xml/pkg:pypi\pyyaml@5.2?extension=whl&qualifier=cp36-cp36m-win_amd64:24bb2d4237ea7293f2fc
,,,PyYAML:(cp37-cp37m-win32):5.2:(.whl),CVE-2020-1747,Tusimple-bom.xml/pkg:pypi\pyyaml@5.2?extension=whl&qualifier=cp37-cp37m-win32:74b5d66d3373277b8494
,,,PyYAML:(cp37-cp37m-win_amd64):5.2:(.whl),CVE-2020-1747,Tusimple-bom.xml/pkg:pypi\pyyaml@5.2?extension=whl&qualifier=cp37-cp37m-win_amd64:80178333be215df623e6
,,,PyYAML:(cp38-cp38-win32):5.2:(.whl),CVE-2020-1747,Tusimple-bom.xml/pkg:pypi\pyyaml@5.2?extension=whl&qualifier=cp38-cp38-win32:8d631011c1978798e569
,,,PyYAML:(cp38-cp38-win_amd64):5.2:(.whl),CVE-2020-1747,Tusimple-bom.xml/pkg:pypi\pyyaml@5.2?extension=whl&qualifier=cp38-cp38-win_amd64:bd39a837ab1d4e98227e
,,,PyYAML:5.2:(.tar.gz),CVE-2020-1747,Tusimple-bom.xml/pkg:pypi\pyyaml@5.2?extension=tar.gz:51b676606349ea3e008c
,,,Pygments:(py2.py3-none-any):2.5.2:(.whl),"CVE-2021-27291, sonatype-2020-1357",Tusimple-bom.xml/pkg:pypi\pygments@2.5.2?extension=whl&qualifier=py2.py3-none-any:86450b3efbd132ccc938
,,,Pygments:2.5.2:(.tar.gz),"CVE-2019-11358, CVE-2020-11023, CVE-2021-27291, sonatype-2020-0187, CVE-2020-11022, sonatype-2020-1357",Tusimple-bom.xml/pkg:pypi\pygments@2.5.2?extension=tar.gz:6d2dc431070cdfe1bb48
,,,Werkzeug:(py2.py3-none-any):0.16.0:(.whl),"CVE-2020-11023, CVE-2023-23934, CVE-2023-25577, sonatype-2020-0187, CVE-2020-11022",Tusimple-bom.xml/pkg:pypi\werkzeug@0.16.0?extension=whl&qualifier=py2.py3-none-any:0c2759010bf7778b5823
,,,Werkzeug:0.16.0:(.tar.gz),"CVE-2020-11023, CVE-2023-23934, CVE-2023-25577, sonatype-2020-0187, CVE-2020-11022",Tusimple-bom.xml/pkg:pypi\werkzeug@0.16.0?extension=tar.gz:d422fb58b25098bc5f1c
,,,async-validator:1.8.5,CVE-2021-3887,Tusimple-bom.xml/pkg:npm\async-validator@1.8.5:dc3e08ec1fd0dddb67e6
,,,attrs:(py2.py3-none-any):19.3.0:(.whl),,Tusimple-bom.xml/pkg:pypi\attrs@19.3.0?extension=whl&qualifier=py2.py3-none-any:7861c8ac9909cde554a1
,,,attrs:19.3.0:(.tar.gz),,Tusimple-bom.xml/pkg:pypi\attrs@19.3.0?extension=tar.gz:5cad208b39fe854745c3
,,,awscli:(py2.py3-none-any):1.17.7:(.whl),,Tusimple-bom.xml/pkg:pypi\awscli@1.17.7?extension=whl&qualifier=py2.py3-none-any:899bf397bcc555fc6669
,,,awscli:1.17.7:(.tar.gz),,Tusimple-bom.xml/pkg:pypi\awscli@1.17.7?extension=tar.gz:2a3331880d3d84fd3469
,,,babel-helper-vue-jsx-merge-props:2.0.3,,Tusimple-bom.xml/pkg:npm\babel-helper-vue-jsx-merge-props@2.0.3:22aebd3b33902328e513
,,,babel-runtime:6.26.0,,Tusimple-bom.xml/pkg:npm\babel-runtime@6.26.0:965c7058668e82b55d7b
,,,backcall:0.1.0:(.tar.gz),,Tusimple-bom.xml/pkg:pypi\backcall@0.1.0?extension=tar.gz:e0ca4c1bde8f0a198505
,,,backcall:0.1.0:(.zip),,Tusimple-bom.xml/pkg:pypi\backcall@0.1.0?extension=zip:29068b5e459add6846f1
,,,boto3:(py2.py3-none-any):1.11.7:(.whl),,Tusimple-bom.xml/pkg:pypi\boto3@1.11.7?extension=whl&qualifier=py2.py3-none-any:c461bfca1ec185128461
,,,boto3:1.11.7:(.tar.gz),,Tusimple-bom.xml/pkg:pypi\boto3@1.11.7?extension=tar.gz:7b9ceaadc42e7e1c924c
,,,botocore:(py2.py3-none-any):1.14.7:(.whl),CVE-2022-23491,Tusimple-bom.xml/pkg:pypi\botocore@1.14.7?extension=whl&qualifier=py2.py3-none-any:5825c53da6734265ba93
,,,botocore:1.14.7:(.tar.gz),CVE-2022-23491,Tusimple-bom.xml/pkg:pypi\botocore@1.14.7?extension=tar.gz:d2aa89352e13123d515d
,,,certifi:(py2.py3-none-any):2019.11.28:(.whl),CVE-2022-23491,Tusimple-bom.xml/pkg:pypi\certifi@2019.11.28?extension=whl&qualifier=py2.py3-none-any:c6c837eb27417c15cdfc
,,,certifi:2019.11.28:(.tar.gz),CVE-2022-23491,Tusimple-bom.xml/pkg:pypi\certifi@2019.11.28?extension=tar.gz:c164a4a5d1a812d0605d
,,,cffi:(cp27-cp27m-macosx_10_6_intel):1.13.2:(.whl),,Tusimple-bom.xml/pkg:pypi\cffi@1.13.2?extension=whl&qualifier=cp27-cp27m-macosx_10_6_intel:23c9d7a87ca7cffb1c0c
,,,cffi:(cp27-cp27m-manylinux1_i686):1.13.2:(.whl),,Tusimple-bom.xml/pkg:pypi\cffi@1.13.2?extension=whl&qualifier=cp27-cp27m-manylinux1_i686:df38eebfeb0f647e668a
,,,cffi:(cp27-cp27m-manylinux1_x86_64):1.13.2:(.whl),,Tusimple-bom.xml/pkg:pypi\cffi@1.13.2?extension=whl&qualifier=cp27-cp27m-manylinux1_x86_64:f2fec7c397084647b10f
,,,cffi:(cp27-cp27m-win32):1.13.2:(.whl),,Tusimple-bom.xml/pkg:pypi\cffi@1.13.2?extension=whl&qualifier=cp27-cp27m-win32:513f01a8b38bc693b438
,,,cffi:(cp27-cp27m-win_amd64):1.13.2:(.whl),,Tusimple-bom.xml/pkg:pypi\cffi@1.13.2?extension=whl&qualifier=cp27-cp27m-win_amd64:e42fa942ce52ce78c4bb
,,,cffi:(cp27-cp27mu-manylinux1_i686):1.13.2:(.whl),,Tusimple-bom.xml/pkg:pypi\cffi@1.13.2?extension=whl&qualifier=cp27-cp27mu-manylinux1_i686:168cf2538496faac1082
,,,cffi:(cp27-cp27mu-manylinux1_x86_64):1.13.2:(.whl),,Tusimple-bom.xml/pkg:pypi\cffi@1.13.2?extension=whl&qualifier=cp27-cp27mu-manylinux1_x86_64:d938f58d95bea7e4d5ef
,,,cffi:(cp34-cp34m-macosx_10_6_intel):1.13.2:(.whl),,Tusimple-bom.xml/pkg:pypi\cffi@1.13.2?extension=whl&qualifier=cp34-cp34m-macosx_10_6_intel:a522a18add58bbc12601
,,,cffi:(cp34-cp34m-manylinux1_i686):1.13.2:(.whl),,Tusimple-bom.xml/pkg:pypi\cffi@1.13.2?extension=whl&qualifier=cp34-cp34m-manylinux1_i686:21b3731a5f77048b594e
,,,cffi:(cp34-cp34m-manylinux1_x86_64):1.13.2:(.whl),,Tusimple-bom.xml/pkg:pypi\cffi@1.13.2?extension=whl&qualifier=cp34-cp34m-manylinux1_x86_64:c8e989019c33304622e2
,,,cffi:(cp34-cp34m-win32):1.13.2:(.whl),,Tusimple-bom.xml/pkg:pypi\cffi@1.13.2?extension=whl&qualifier=cp34-cp34m-win32:7b73864b27e1de9fe660
,,,cffi:(cp34-cp34m-win_amd64):1.13.2:(.whl),,Tusimple-bom.xml/pkg:pypi\cffi@1.13.2?extension=whl&qualifier=cp34-cp34m-win_amd64:2dbb321463939233d4dd
,,,cffi:(cp35-cp35m-macosx_10_6_intel):1.13.2:(.whl),,Tusimple-bom.xml/pkg:pypi\cffi@1.13.2?extension=whl&qualifier=cp35-cp35m-macosx_10_6_intel:5d392edd9d35f2c08181
,,,cffi:(cp35-cp35m-manylinux1_i686):1.13.2:(.whl),,Tusimple-bom.xml/pkg:pypi\cffi@1.13.2?extension=whl&qualifier=cp35-cp35m-manylinux1_i686:04f0a19b3fdb8045fa57
,,,cffi:(cp35-cp35m-manylinux1_x86_64):1.13.2:(.whl),,Tusimple-bom.xml/pkg:pypi\cffi@1.13.2?extension=whl&qualifier=cp35-cp35m-manylinux1_x86_64:80ec87eb8dda75a3f809
,,,cffi:(cp35-cp35m-win32):1.13.2:(.whl),,Tusimple-bom.xml/pkg:pypi\cffi@1.13.2?extension=whl&qualifier=cp35-cp35m-win32:f603e44bc0135f3174bd
,,,cffi:(cp35-cp35m-win_amd64):1.13.2:(.whl),,Tusimple-bom.xml/pkg:pypi\cffi@1.13.2?extension=whl&qualifier=cp35-cp35m-win_amd64:6b126f846b938af9faff
,,,cffi:(cp36-cp36m-macosx_10_6_intel):1.13.2:(.whl),,Tusimple-bom.xml/pkg:pypi\cffi@1.13.2?extension=whl&qualifier=cp36-cp36m-macosx_10_6_intel:af2e8b0f1ac5844bc3b8
,,,cffi:(cp36-cp36m-manylinux1_i686):1.13.2:(.whl),,Tusimple-bom.xml/pkg:pypi\cffi@1.13.2?extension=whl&qualifier=cp36-cp36m-manylinux1_i686:220952b4ad8171a2738d
,,,cffi:(cp36-cp36m-manylinux1_x86_64):1.13.2:(.whl),,Tusimple-bom.xml/pkg:pypi\cffi@1.13.2?extension=whl&qualifier=cp36-cp36m-manylinux1_x86_64:7fb027ee726dfc36635d
,,,cffi:(cp36-cp36m-win32):1.13.2:(.whl),,Tusimple-bom.xml/pkg:pypi\cffi@1.13.2?extension=whl&qualifier=cp36-cp36m-win32:5c6fe7a16cec00fa8c82
,,,cffi:(cp36-cp36m-win_amd64):1.13.2:(.whl),,Tusimple-bom.xml/pkg:pypi\cffi@1.13.2?extension=whl&qualifier=cp36-cp36m-win_amd64:e0033233cb27325a0bfb
,,,cffi:(cp37-cp37m-macosx_10_6_intel):1.13.2:(.whl),,Tusimple-bom.xml/pkg:pypi\cffi@1.13.2?extension=whl&qualifier=cp37-cp37m-macosx_10_6_intel:cf251e348bd8bbcee843
,,,cffi:(cp37-cp37m-manylinux1_i686):1.13.2:(.whl),,Tusimple-bom.xml/pkg:pypi\cffi@1.13.2?extension=whl&qualifier=cp37-cp37m-manylinux1_i686:6f50330734cfe02836fb
,,,cffi:(cp37-cp37m-manylinux1_x86_64):1.13.2:(.whl),,Tusimple-bom.xml/pkg:pypi\cffi@1.13.2?extension=whl&qualifier=cp37-cp37m-manylinux1_x86_64:d20f2f89d26b68fff3f7
,,,cffi:(cp37-cp37m-win32):1.13.2:(.whl),,Tusimple-bom.xml/pkg:pypi\cffi@1.13.2?extension=whl&qualifier=cp37-cp37m-win32:0f0ff60eb14357855160
,,,cffi:(cp37-cp37m-win_amd64):1.13.2:(.whl),,Tusimple-bom.xml/pkg:pypi\cffi@1.13.2?extension=whl&qualifier=cp37-cp37m-win_amd64:fe5849e216325af255ee
,,,cffi:(cp38-cp38-macosx_10_9_x86_64):1.13.2:(.whl),,Tusimple-bom.xml/pkg:pypi\cffi@1.13.2?extension=whl&qualifier=cp38-cp38-macosx_10_9_x86_64:aaccf4748e3f452088aa
,,,cffi:(cp38-cp38-manylinux1_i686):1.13.2:(.whl),,Tusimple-bom.xml/pkg:pypi\cffi@1.13.2?extension=whl&qualifier=cp38-cp38-manylinux1_i686:276f5e6565f998f8d2b4
,,,cffi:(cp38-cp38-manylinux1_x86_64):1.13.2:(.whl),,Tusimple-bom.xml/pkg:pypi\cffi@1.13.2?extension=whl&qualifier=cp38-cp38-manylinux1_x86_64:876ee908154c4a5989f0
,,,cffi:(cp38-cp38-win32):1.13.2:(.whl),,Tusimple-bom.xml/pkg:pypi\cffi@1.13.2?extension=whl&qualifier=cp38-cp38-win32:a4ffd30c0337897d2cc7
,,,cffi:(cp38-cp38-win_amd64):1.13.2:(.whl),,Tusimple-bom.xml/pkg:pypi\cffi@1.13.2?extension=whl&qualifier=cp38-cp38-win_amd64:a08955aa9e847b5626fe
,,,cffi:1.13.2:(.tar.gz),,Tusimple-bom.xml/pkg:pypi\cffi@1.13.2?extension=tar.gz:ad94c1b64570ec3016a9
,,,chardet:(py2.py3-none-any):3.0.4:(.whl),,Tusimple-bom.xml/pkg:pypi\chardet@3.0.4?extension=whl&qualifier=py2.py3-none-any:96faab7de7e9a71b37f2
,,,chardet:3.0.4:(.tar.gz),,Tusimple-bom.xml/pkg:pypi\chardet@3.0.4?extension=tar.gz:4766fb07e700945a7085
,,,classnames:2.3.2,,Tusimple-bom.xml/pkg:npm\classnames@2.3.2:351d813bf0137fcc6a76
,,,click:(py2.py3-none-any):7.0:(.whl),sonatype-2021-4906,Tusimple-bom.xml/pkg:pypi\click@7.0?extension=whl&qualifier=py2.py3-none-any:c5b8267a60ed6a4035ea
,,,click:7.0:(.tar.gz),sonatype-2021-4906,Tusimple-bom.xml/pkg:pypi\click@7.0?extension=tar.gz:fcbbb6d25b8eb45f7919
,,,colorama:(py2.py3-none-any):0.4.1:(.whl),,Tusimple-bom.xml/pkg:pypi\colorama@0.4.1?extension=whl&qualifier=py2.py3-none-any:1d3fde12273fbcc91cb3
,,,colorama:0.4.1:(.tar.gz),,Tusimple-bom.xml/pkg:pypi\colorama@0.4.1?extension=tar.gz:8ab233ceaebc08970e04
,,,colorlog:(py2.py3-none-any):4.1.0:(.whl),,Tusimple-bom.xml/pkg:pypi\colorlog@4.1.0?extension=whl&qualifier=py2.py3-none-any:e91c2aa375e28191f415
,,,colorlog:4.1.0:(.tar.gz),,Tusimple-bom.xml/pkg:pypi\colorlog@4.1.0?extension=tar.gz:57e5529ef2b48fd50520
,,,core-js:2.6.12,sonatype-2023-0962,Tusimple-bom.xml/pkg:npm\core-js@2.6.12:d9333dfa7b065e347cc5
,,,core-js:3.8.1,sonatype-2023-0962,Tusimple-bom.xml/pkg:npm\core-js@3.8.1:f51523668ac8a294d128
,,,cryptography:(cp27-cp27m-macosx_10_10_x86_64):3.1:(.whl),"CVE-2020-25659, CVE-2020-36242, CVE-2023-23931, sonatype-2020-1312",Tusimple-bom.xml/pkg:pypi\cryptography@3.1?extension=whl&qualifier=cp27-cp27m-macosx_10_10_x86_64:1b0f429c5bddadc047cc
,,,cryptography:(cp27-cp27m-manylinux1_x86_64):3.1:(.whl),"CVE-2020-25659, CVE-2020-36242, CVE-2023-23931, sonatype-2020-1312",Tusimple-bom.xml/pkg:pypi\cryptography@3.1?extension=whl&qualifier=cp27-cp27m-manylinux1_x86_64:73d65cb20bb881fe7520
,,,cryptography:(cp27-cp27m-manylinux2010_x86_64):3.1:(.whl),"CVE-2020-25659, CVE-2020-36242, CVE-2023-23931, sonatype-2020-1312",Tusimple-bom.xml/pkg:pypi\cryptography@3.1?extension=whl&qualifier=cp27-cp27m-manylinux2010_x86_64:413bb6c4a34eec867c62
,,,cryptography:(cp27-cp27m-win32):3.1:(.whl),"CVE-2020-25659, CVE-2020-36242, CVE-2023-23931, sonatype-2020-1312",Tusimple-bom.xml/pkg:pypi\cryptography@3.1?extension=whl&qualifier=cp27-cp27m-win32:08c9bfa0b2f85f173873
,,,cryptography:(cp27-cp27m-win_amd64):3.1:(.whl),"CVE-2020-25659, CVE-2020-36242, CVE-2023-23931, sonatype-2020-1312",Tusimple-bom.xml/pkg:pypi\cryptography@3.1?extension=whl&qualifier=cp27-cp27m-win_amd64:dae45adfc571d0138ea4
,,,cryptography:(cp27-cp27mu-manylinux1_x86_64):3.1:(.whl),"CVE-2020-25659, CVE-2020-36242, CVE-2023-23931, sonatype-2020-1312",Tusimple-bom.xml/pkg:pypi\cryptography@3.1?extension=whl&qualifier=cp27-cp27mu-manylinux1_x86_64:16a50fee64ed885e73ed
,,,cryptography:(cp27-cp27mu-manylinux2010_x86_64):3.1:(.whl),"CVE-2020-25659, CVE-2020-36242, CVE-2023-23931, sonatype-2020-1312",Tusimple-bom.xml/pkg:pypi\cryptography@3.1?extension=whl&qualifier=cp27-cp27mu-manylinux2010_x86_64:32186e9b96732dcf32eb
,,,cryptography:(cp35-abi3-macosx_10_10_x86_64):3.1:(.whl),"CVE-2020-25659, CVE-2020-36242, CVE-2023-23931, sonatype-2020-1312",Tusimple-bom.xml/pkg:pypi\cryptography@3.1?extension=whl&qualifier=cp35-abi3-macosx_10_10_x86_64:764cb37a554ce0c2b2bd
,,,cryptography:(cp35-abi3-manylinux1_x86_64):3.1:(.whl),"CVE-2020-25659, CVE-2020-36242, CVE-2023-23931, sonatype-2020-1312",Tusimple-bom.xml/pkg:pypi\cryptography@3.1?extension=whl&qualifier=cp35-abi3-manylinux1_x86_64:aacc989de32c72fcdc06
,,,cryptography:(cp35-abi3-manylinux2010_x86_64):3.1:(.whl),"CVE-2020-25659, CVE-2020-36242, CVE-2023-23931, sonatype-2020-1312",Tusimple-bom.xml/pkg:pypi\cryptography@3.1?extension=whl&qualifier=cp35-abi3-manylinux2010_x86_64:bef0ff2d4e5ef9561ddc
,,,cryptography:(cp35-abi3-manylinux2014_aarch64):3.1:(.whl),"CVE-2020-25659, CVE-2020-36242, CVE-2023-23931, sonatype-2020-1312",Tusimple-bom.xml/pkg:pypi\cryptography@3.1?extension=whl&qualifier=cp35-abi3-manylinux2014_aarch64:e98f87f0e35edd074d38
,,,cryptography:(cp35-cp35m-win32):3.1:(.whl),"CVE-2020-25659, CVE-2020-36242, CVE-2023-23931, sonatype-2020-1312",Tusimple-bom.xml/pkg:pypi\cryptography@3.1?extension=whl&qualifier=cp35-cp35m-win32:07b6744f1ae8ab4be2ef
,,,cryptography:(cp35-cp35m-win_amd64):3.1:(.whl),"CVE-2020-25659, CVE-2020-36242, CVE-2023-23931, sonatype-2020-1312",Tusimple-bom.xml/pkg:pypi\cryptography@3.1?extension=whl&qualifier=cp35-cp35m-win_amd64:8a011808789e0d7f3155
,,,cryptography:(cp36-abi3-win32):3.1:(.whl),"CVE-2020-25659, CVE-2020-36242, CVE-2023-23931, sonatype-2020-1312",Tusimple-bom.xml/pkg:pypi\cryptography@3.1?extension=whl&qualifier=cp36-abi3-win32:970ad24737d42a5e196c
,,,cryptography:(cp36-abi3-win_amd64):3.1:(.whl),"CVE-2020-25659, CVE-2020-36242, CVE-2023-23931, sonatype-2020-1312",Tusimple-bom.xml/pkg:pypi\cryptography@3.1?extension=whl&qualifier=cp36-abi3-win_amd64:a477d928ce17ac8a7713
,,,cryptography:(cp36-cp36m-win32):3.1:(.whl),"CVE-2020-25659, CVE-2020-36242, CVE-2023-23931, sonatype-2020-1312",Tusimple-bom.xml/pkg:pypi\cryptography@3.1?extension=whl&qualifier=cp36-cp36m-win32:f26a97dae486b2bf5c4b
,,,cryptography:(cp36-cp36m-win_amd64):3.1:(.whl),"CVE-2020-25659, CVE-2020-36242, CVE-2023-23931, sonatype-2020-1312",Tusimple-bom.xml/pkg:pypi\cryptography@3.1?extension=whl&qualifier=cp36-cp36m-win_amd64:562bce8de7843437b32f
,,,cryptography:(cp37-cp37m-win32):3.1:(.whl),"CVE-2020-25659, CVE-2020-36242, CVE-2023-23931, sonatype-2020-1312",Tusimple-bom.xml/pkg:pypi\cryptography@3.1?extension=whl&qualifier=cp37-cp37m-win32:5fc00eeabd3c4dd25e43
,,,cryptography:(cp37-cp37m-win_amd64):3.1:(.whl),"CVE-2020-25659, CVE-2020-36242, CVE-2023-23931, sonatype-2020-1312",Tusimple-bom.xml/pkg:pypi\cryptography@3.1?extension=whl&qualifier=cp37-cp37m-win_amd64:d8fedb9cc438bbf4e0ae
,,,cryptography:(cp38-cp38-win32):3.1:(.whl),"CVE-2020-25659, CVE-2020-36242, CVE-2023-23931, sonatype-2020-1312",Tusimple-bom.xml/pkg:pypi\cryptography@3.1?extension=whl&qualifier=cp38-cp38-win32:9501e452cb811563c9cd
,,,cryptography:(cp38-cp38-win_amd64):3.1:(.whl),"CVE-2020-25659, CVE-2020-36242, CVE-2023-23931, sonatype-2020-1312",Tusimple-bom.xml/pkg:pypi\cryptography@3.1?extension=whl&qualifier=cp38-cp38-win_amd64:f57db80e9f5dfae6ffdf
,,,cryptography:3.1:(.tar.gz),"CVE-2020-25659, CVE-2020-36242, CVE-2023-23931, sonatype-2020-1312",Tusimple-bom.xml/pkg:pypi\cryptography@3.1?extension=tar.gz:cf1a47ca0186d3430d34
,,,darkreader:4.9.26,,Tusimple-bom.xml/pkg:npm\darkreader@4.9.26:ad92139742f22fc406ae
,,,date-fns:2.16.1,,Tusimple-bom.xml/pkg:npm\date-fns@2.16.1:05775792c3f3331da812
,,,decorator:(py2.py3-none-any):4.4.1:(.whl),,Tusimple-bom.xml/pkg:pypi\decorator@4.4.1?extension=whl&qualifier=py2.py3-none-any:34c5a546d2f4f65338c1
,,,decorator:4.4.1:(.tar.gz),,Tusimple-bom.xml/pkg:pypi\decorator@4.4.1?extension=tar.gz:c25e6611e0d45913b734
,,,deepmerge:1.5.2,,Tusimple-bom.xml/pkg:npm\deepmerge@1.5.2:10499d868844cdad4fee
,,,dnspython:(py3-none-any):2.1.0:(.whl),,Tusimple-bom.xml/pkg:pypi\dnspython@2.1.0?extension=whl&qualifier=py3-none-any:4c54ba9490e1cd3efc6b
,,,dnspython:2.1.0:(.zip),,Tusimple-bom.xml/pkg:pypi\dnspython@2.1.0?extension=zip:14bfee6e0d3192d8922a
,,,docutils:(py2-none-any):0.15.2:(.whl),,Tusimple-bom.xml/pkg:pypi\docutils@0.15.2?extension=whl&qualifier=py2-none-any:8e276524c5a76b03ab98
,,,docutils:(py3-none-any):0.15.2:(.whl),,Tusimple-bom.xml/pkg:pypi\docutils@0.15.2?extension=whl&qualifier=py3-none-any:aafeddc912b74557754b
,,,docutils:0.15.2:(.tar.gz),,Tusimple-bom.xml/pkg:pypi\docutils@0.15.2?extension=tar.gz:4cfc536e047cb9b1e06f
,,,easings-css:1.0.0,,Tusimple-bom.xml/pkg:npm\easings-css@1.0.0:dde569003bb7a4a0c0b7
,,,element-ui:2.14.1,,Tusimple-bom.xml/pkg:npm\element-ui@2.14.1:8b5745c7366c1c1a603b
,,,entrypoints:(py2.py3-none-any):0.3:(.whl),,Tusimple-bom.xml/pkg:pypi\entrypoints@0.3?extension=whl&qualifier=py2.py3-none-any:bc89efca00a560266671
,,,entrypoints:0.3:(.tar.gz),,Tusimple-bom.xml/pkg:pypi\entrypoints@0.3?extension=tar.gz:5e191cf9815cd66bace7
,,,flake8:(py2.py3-none-any):3.8.1:(.whl),,Tusimple-bom.xml/pkg:pypi\flake8@3.8.1?extension=whl&qualifier=py2.py3-none-any:19bfa76362d7f26e8765
,,,flake8:3.8.1:(.tar.gz),,Tusimple-bom.xml/pkg:pypi\flake8@3.8.1?extension=tar.gz:b5c1082edbedaa12c044
,,,fullcalendar-scheduler:5.3.2,,Tusimple-bom.xml/pkg:npm\fullcalendar-scheduler@5.3.2:681febe92a3e775ff084
,,,future:0.18.2:(.tar.gz),CVE-2022-40899,Tusimple-bom.xml/pkg:pypi\future@0.18.2?extension=tar.gz:d8c8b2d3889fc22bb38f
,,,fuzzysearch:1.0.3,,Tusimple-bom.xml/pkg:npm\fuzzysearch@1.0.3:dffc80f6d6b04223f222
,,,gevent-websocket:(py3-none-any):0.10.1:(.whl),,Tusimple-bom.xml/pkg:pypi\gevent-websocket@0.10.1?extension=whl&qualifier=py3-none-any:175415265def7797390f
,,,gevent-websocket:0.10.1:(.tar.gz),,Tusimple-bom.xml/pkg:pypi\gevent-websocket@0.10.1?extension=tar.gz:ec71ede21a64c8b96b9e
,,,gevent:(cp27-cp27m-macosx_10_14_x86_64):21.12.0:(.whl),,Tusimple-bom.xml/pkg:pypi\gevent@21.12.0?extension=whl&qualifier=cp27-cp27m-macosx_10_14_x86_64:904648f011703742bf95
,,,gevent:(cp27-cp27m-win32):21.12.0:(.whl),,Tusimple-bom.xml/pkg:pypi\gevent@21.12.0?extension=whl&qualifier=cp27-cp27m-win32:83ce0a924d80dff83570
,,,gevent:(cp27-cp27m-win_amd64):21.12.0:(.whl),,Tusimple-bom.xml/pkg:pypi\gevent@21.12.0?extension=whl&qualifier=cp27-cp27m-win_amd64:12f1b1aa692d130b76dc
,,,gevent:(cp310-cp310-macosx_10_14_x86_64):21.12.0:(.whl),,Tusimple-bom.xml/pkg:pypi\gevent@21.12.0?extension=whl&qualifier=cp310-cp310-macosx_10_14_x86_64:7ae0e158b9b126efb3ac
,,,gevent:(cp310-cp310-manylinux_2_12_x86_64.manylinux2010_x86_64):21.12.0:(.whl),,Tusimple-bom.xml/pkg:pypi\gevent@21.12.0?extension=whl&qualifier=cp310-cp310-manylinux_2_12_x86_64.manylinux2010_x86_64:3c86a295d41ae88b65fa
,,,gevent:(cp310-cp310-manylinux_2_17_aarch64.manylinux2014_aarch64):21.12.0:(.whl),,Tusimple-bom.xml/pkg:pypi\gevent@21.12.0?extension=whl&qualifier=cp310-cp310-manylinux_2_17_aarch64.manylinux2014_aarch64:2d2b0687dd63c069d8bd
,,,gevent:(cp310-cp310-musllinux_1_1_x86_64):21.12.0:(.whl),,Tusimple-bom.xml/pkg:pypi\gevent@21.12.0?extension=whl&qualifier=cp310-cp310-musllinux_1_1_x86_64:99f23b7723a11ec3bcc9
,,,gevent:(cp310-cp310-win_amd64):21.12.0:(.whl),,Tusimple-bom.xml/pkg:pypi\gevent@21.12.0?extension=whl&qualifier=cp310-cp310-win_amd64:ec5dde3c78810e53a3d9
,,,gevent:(cp36-cp36m-manylinux_2_12_x86_64.manylinux2010_x86_64):21.12.0:(.whl),,Tusimple-bom.xml/pkg:pypi\gevent@21.12.0?extension=whl&qualifier=cp36-cp36m-manylinux_2_12_x86_64.manylinux2010_x86_64:24f5d5783f3ce8cc02ae
,,,gevent:(cp36-cp36m-manylinux_2_17_aarch64.manylinux2014_aarch64):21.12.0:(.whl),,Tusimple-bom.xml/pkg:pypi\gevent@21.12.0?extension=whl&qualifier=cp36-cp36m-manylinux_2_17_aarch64.manylinux2014_aarch64:db6d6ab6170d963bb9d0
,,,gevent:(cp36-cp36m-musllinux_1_1_x86_64):21.12.0:(.whl),,Tusimple-bom.xml/pkg:pypi\gevent@21.12.0?extension=whl&qualifier=cp36-cp36m-musllinux_1_1_x86_64:8b46ca78a22f9e4aa059
,,,gevent:(cp36-cp36m-win32):21.12.0:(.whl),,Tusimple-bom.xml/pkg:pypi\gevent@21.12.0?extension=whl&qualifier=cp36-cp36m-win32:fa4b4abb7fb66a94e425
,,,gevent:(cp36-cp36m-win_amd64):21.12.0:(.whl),,Tusimple-bom.xml/pkg:pypi\gevent@21.12.0?extension=whl&qualifier=cp36-cp36m-win_amd64:9bb4999105e3b5699481
,,,gevent:(cp37-cp37m-macosx_10_14_x86_64):21.12.0:(.whl),,Tusimple-bom.xml/pkg:pypi\gevent@21.12.0?extension=whl&qualifier=cp37-cp37m-macosx_10_14_x86_64:5a634bd17659c67a8067
,,,gevent:(cp37-cp37m-manylinux_2_12_x86_64.manylinux2010_x86_64):21.12.0:(.whl),,Tusimple-bom.xml/pkg:pypi\gevent@21.12.0?extension=whl&qualifier=cp37-cp37m-manylinux_2_12_x86_64.manylinux2010_x86_64:2bb4a37e91198c4a9a6b
,,,gevent:(cp37-cp37m-manylinux_2_17_aarch64.manylinux2014_aarch64):21.12.0:(.whl),,Tusimple-bom.xml/pkg:pypi\gevent@21.12.0?extension=whl&qualifier=cp37-cp37m-manylinux_2_17_aarch64.manylinux2014_aarch64:d68f83c8051a5c847679
,,,gevent:(cp37-cp37m-musllinux_1_1_x86_64):21.12.0:(.whl),,Tusimple-bom.xml/pkg:pypi\gevent@21.12.0?extension=whl&qualifier=cp37-cp37m-musllinux_1_1_x86_64:1bc9a8380b0cbef1f642
,,,gevent:(cp37-cp37m-win32):21.12.0:(.whl),,Tusimple-bom.xml/pkg:pypi\gevent@21.12.0?extension=whl&qualifier=cp37-cp37m-win32:2ada134e7ea7f7513960
,,,gevent:(cp37-cp37m-win_amd64):21.12.0:(.whl),,Tusimple-bom.xml/pkg:pypi\gevent@21.12.0?extension=whl&qualifier=cp37-cp37m-win_amd64:e4a8deb4382e129421db
,,,gevent:(cp38-cp38-macosx_10_14_x86_64):21.12.0:(.whl),,Tusimple-bom.xml/pkg:pypi\gevent@21.12.0?extension=whl&qualifier=cp38-cp38-macosx_10_14_x86_64:aaf010c9444f20054acd
,,,gevent:(cp38-cp38-manylinux_2_12_x86_64.manylinux2010_x86_64):21.12.0:(.whl),,Tusimple-bom.xml/pkg:pypi\gevent@21.12.0?extension=whl&qualifier=cp38-cp38-manylinux_2_12_x86_64.manylinux2010_x86_64:5168a895180d0ef1e62d
,,,gevent:(cp38-cp38-manylinux_2_17_aarch64.manylinux2014_aarch64):21.12.0:(.whl),,Tusimple-bom.xml/pkg:pypi\gevent@21.12.0?extension=whl&qualifier=cp38-cp38-manylinux_2_17_aarch64.manylinux2014_aarch64:f27597c0a2035eab1c0f
,,,gevent:(cp38-cp38-musllinux_1_1_x86_64):21.12.0:(.whl),,Tusimple-bom.xml/pkg:pypi\gevent@21.12.0?extension=whl&qualifier=cp38-cp38-musllinux_1_1_x86_64:8feb690cb15cdc4bf78f
,,,gevent:(cp38-cp38-win32):21.12.0:(.whl),,Tusimple-bom.xml/pkg:pypi\gevent@21.12.0?extension=whl&qualifier=cp38-cp38-win32:aaba0d3df40759a0ab90
,,,gevent:(cp38-cp38-win_amd64):21.12.0:(.whl),,Tusimple-bom.xml/pkg:pypi\gevent@21.12.0?extension=whl&qualifier=cp38-cp38-win_amd64:fa8bd7f3ab81d4fd2312
,,,gevent:(cp39-cp39-macosx_10_14_x86_64):21.12.0:(.whl),,Tusimple-bom.xml/pkg:pypi\gevent@21.12.0?extension=whl&qualifier=cp39-cp39-macosx_10_14_x86_64:48a8aad9427f49495160
,,,gevent:(cp39-cp39-manylinux_2_12_x86_64.manylinux2010_x86_64):21.12.0:(.whl),,Tusimple-bom.xml/pkg:pypi\gevent@21.12.0?extension=whl&qualifier=cp39-cp39-manylinux_2_12_x86_64.manylinux2010_x86_64:c586ee31bc5f29a6fa1b
,,,gevent:(cp39-cp39-manylinux_2_17_aarch64.manylinux2014_aarch64):21.12.0:(.whl),,Tusimple-bom.xml/pkg:pypi\gevent@21.12.0?extension=whl&qualifier=cp39-cp39-manylinux_2_17_aarch64.manylinux2014_aarch64:5d150f4d0f45912c3649
,,,gevent:(cp39-cp39-musllinux_1_1_x86_64):21.12.0:(.whl),,Tusimple-bom.xml/pkg:pypi\gevent@21.12.0?extension=whl&qualifier=cp39-cp39-musllinux_1_1_x86_64:f7415db17e94f452640f
,,,gevent:(cp39-cp39-win32):21.12.0:(.whl),,Tusimple-bom.xml/pkg:pypi\gevent@21.12.0?extension=whl&qualifier=cp39-cp39-win32:e834b3075d43d7c26232
,,,gevent:(cp39-cp39-win_amd64):21.12.0:(.whl),,Tusimple-bom.xml/pkg:pypi\gevent@21.12.0?extension=whl&qualifier=cp39-cp39-win_amd64:033f30b9f1c4b7d8592b
,,,gevent:(pp27-pypy_73-win_amd64):21.12.0:(.whl),,Tusimple-bom.xml/pkg:pypi\gevent@21.12.0?extension=whl&qualifier=pp27-pypy_73-win_amd64:4de12ef6fb41fba5b555
,,,gevent:21.12.0:(.tar.gz),"CVE-2020-8252, sonatype-2020-0401",Tusimple-bom.xml/pkg:pypi\gevent@21.12.0?extension=tar.gz:ff398c22e3bbdcd3281a
,,,google-api-python-client:(py2.py3-none-any):1.12.5:(.whl),,Tusimple-bom.xml/pkg:pypi\google-api-python-client@1.12.5?extension=whl&qualifier=py2.py3-none-any:1c5f3fb0de1c8c992f89
,,,google-api-python-client:1.12.5:(.tar.gz),,Tusimple-bom.xml/pkg:pypi\google-api-python-client@1.12.5?extension=tar.gz:76e114b937769772b48c
,,,google-auth-httplib2:(py2.py3-none-any):0.0.4:(.whl),,Tusimple-bom.xml/pkg:pypi\google-auth-httplib2@0.0.4?extension=whl&qualifier=py2.py3-none-any:f1da34ec0052c4402f03
,,,google-auth-httplib2:0.0.4:(.tar.gz),,Tusimple-bom.xml/pkg:pypi\google-auth-httplib2@0.0.4?extension=tar.gz:a9947e01d765afcda019
,,,google-auth:(py2.py3-none-any):1.23.0:(.whl),,Tusimple-bom.xml/pkg:pypi\google-auth@1.23.0?extension=whl&qualifier=py2.py3-none-any:ede9ca2f8f9e9dbfcead
,,,google-auth:1.23.0:(.tar.gz),,Tusimple-bom.xml/pkg:pypi\google-auth@1.23.0?extension=tar.gz:3f13d8bb0c00d7822e8a
,,,google:2.0.1:(.tar.gz),,Tusimple-bom.xml/pkg:pypi\google@2.0.1?extension=tar.gz:dfa4f75efd7482f07efc
,,,greenlet:(cp27-cp27m-macosx_10_14_x86_64):1.1.2:(.whl),,Tusimple-bom.xml/pkg:pypi\greenlet@1.1.2?extension=whl&qualifier=cp27-cp27m-macosx_10_14_x86_64:4245f3644998746deb90
,,,greenlet:(cp27-cp27m-manylinux1_x86_64):1.1.2:(.whl),,Tusimple-bom.xml/pkg:pypi\greenlet@1.1.2?extension=whl&qualifier=cp27-cp27m-manylinux1_x86_64:e1ef59284841792fd756
,,,greenlet:(cp27-cp27m-manylinux2010_x86_64):1.1.2:(.whl),,Tusimple-bom.xml/pkg:pypi\greenlet@1.1.2?extension=whl&qualifier=cp27-cp27m-manylinux2010_x86_64:46dbfb5a1204eaa084f7
,,,greenlet:(cp27-cp27m-win32):1.1.2:(.whl),,Tusimple-bom.xml/pkg:pypi\greenlet@1.1.2?extension=whl&qualifier=cp27-cp27m-win32:d31c408022fc4d91af45
,,,greenlet:(cp27-cp27m-win_amd64):1.1.2:(.whl),,Tusimple-bom.xml/pkg:pypi\greenlet@1.1.2?extension=whl&qualifier=cp27-cp27m-win_amd64:a645fdbda9f4283c6970
,,,greenlet:(cp27-cp27mu-manylinux1_x86_64):1.1.2:(.whl),,Tusimple-bom.xml/pkg:pypi\greenlet@1.1.2?extension=whl&qualifier=cp27-cp27mu-manylinux1_x86_64:e16c4cc203fa7a41b9c2
,,,greenlet:(cp27-cp27mu-manylinux2010_x86_64):1.1.2:(.whl),,Tusimple-bom.xml/pkg:pypi\greenlet@1.1.2?extension=whl&qualifier=cp27-cp27mu-manylinux2010_x86_64:385291bc0b94eeafd79a
,,,greenlet:(cp310-cp310-macosx_10_14_x86_64):1.1.2:(.whl),,Tusimple-bom.xml/pkg:pypi\greenlet@1.1.2?extension=whl&qualifier=cp310-cp310-macosx_10_14_x86_64:083e789254fc3faeb6fb
,,,greenlet:(cp310-cp310-manylinux_2_17_aarch64.manylinux2014_aarch64):1.1.2:(.whl),,Tusimple-bom.xml/pkg:pypi\greenlet@1.1.2?extension=whl&qualifier=cp310-cp310-manylinux_2_17_aarch64.manylinux2014_aarch64:d92d0b5a79ddd40d7667
,,,greenlet:(cp310-cp310-manylinux_2_17_ppc64le.manylinux2014_ppc64le):1.1.2:(.whl),,Tusimple-bom.xml/pkg:pypi\greenlet@1.1.2?extension=whl&qualifier=cp310-cp310-manylinux_2_17_ppc64le.manylinux2014_ppc64le:fb42511e462c1316583d
,,,greenlet:(cp310-cp310-manylinux_2_17_x86_64.manylinux2014_x86_64):1.1.2:(.whl),,Tusimple-bom.xml/pkg:pypi\greenlet@1.1.2?extension=whl&qualifier=cp310-cp310-manylinux_2_17_x86_64.manylinux2014_x86_64:ebe087d005cb784b6e36
,,,greenlet:(cp310-cp310-musllinux_1_1_x86_64):1.1.2:(.whl),,Tusimple-bom.xml/pkg:pypi\greenlet@1.1.2?extension=whl&qualifier=cp310-cp310-musllinux_1_1_x86_64:b5bb68bd34b161e3591d
,,,greenlet:(cp310-cp310-win_amd64):1.1.2:(.whl),,Tusimple-bom.xml/pkg:pypi\greenlet@1.1.2?extension=whl&qualifier=cp310-cp310-win_amd64:efb8948632ee55525ff1
,,,greenlet:(cp35-cp35m-macosx_10_14_x86_64):1.1.2:(.whl),,Tusimple-bom.xml/pkg:pypi\greenlet@1.1.2?extension=whl&qualifier=cp35-cp35m-macosx_10_14_x86_64:587923e308f37b2dc5cb
,,,greenlet:(cp35-cp35m-manylinux1_x86_64):1.1.2:(.whl),,Tusimple-bom.xml/pkg:pypi\greenlet@1.1.2?extension=whl&qualifier=cp35-cp35m-manylinux1_x86_64:99baf07ec948a5855cdf
,,,greenlet:(cp35-cp35m-manylinux2010_x86_64):1.1.2:(.whl),,Tusimple-bom.xml/pkg:pypi\greenlet@1.1.2?extension=whl&qualifier=cp35-cp35m-manylinux2010_x86_64:3bd3d5863f3374385c25
,,,greenlet:(cp35-cp35m-win32):1.1.2:(.whl),,Tusimple-bom.xml/pkg:pypi\greenlet@1.1.2?extension=whl&qualifier=cp35-cp35m-win32:9c6149a39a5f9f19443b
,,,greenlet:(cp35-cp35m-win_amd64):1.1.2:(.whl),,Tusimple-bom.xml/pkg:pypi\greenlet@1.1.2?extension=whl&qualifier=cp35-cp35m-win_amd64:49b9e6435d0dc52bbf22
,,,greenlet:(cp36-cp36m-macosx_10_14_x86_64):1.1.2:(.whl),,Tusimple-bom.xml/pkg:pypi\greenlet@1.1.2?extension=whl&qualifier=cp36-cp36m-macosx_10_14_x86_64:a51059484295658fafbb
,,,greenlet:(cp36-cp36m-manylinux1_x86_64):1.1.2:(.whl),,Tusimple-bom.xml/pkg:pypi\greenlet@1.1.2?extension=whl&qualifier=cp36-cp36m-manylinux1_x86_64:a89c3543f282f91b1163
,,,greenlet:(cp36-cp36m-manylinux2010_x86_64):1.1.2:(.whl),,Tusimple-bom.xml/pkg:pypi\greenlet@1.1.2?extension=whl&qualifier=cp36-cp36m-manylinux2010_x86_64:7d5639317761a5b8b7c8
,,,greenlet:(cp36-cp36m-manylinux_2_17_aarch64.manylinux2014_aarch64):1.1.2:(.whl),,Tusimple-bom.xml/pkg:pypi\greenlet@1.1.2?extension=whl&qualifier=cp36-cp36m-manylinux_2_17_aarch64.manylinux2014_aarch64:14fb4d56857ff1202a65
,,,greenlet:(cp36-cp36m-manylinux_2_17_ppc64le.manylinux2014_ppc64le):1.1.2:(.whl),,Tusimple-bom.xml/pkg:pypi\greenlet@1.1.2?extension=whl&qualifier=cp36-cp36m-manylinux_2_17_ppc64le.manylinux2014_ppc64le:94a092356c5622ea9eaf
,,,greenlet:(cp36-cp36m-manylinux_2_17_x86_64.manylinux2014_x86_64):1.1.2:(.whl),,Tusimple-bom.xml/pkg:pypi\greenlet@1.1.2?extension=whl&qualifier=cp36-cp36m-manylinux_2_17_x86_64.manylinux2014_x86_64:8fefb438b6265aafef6c
,,,greenlet:(cp36-cp36m-musllinux_1_1_x86_64):1.1.2:(.whl),,Tusimple-bom.xml/pkg:pypi\greenlet@1.1.2?extension=whl&qualifier=cp36-cp36m-musllinux_1_1_x86_64:f8aa2b52aef524905489
,,,greenlet:(cp36-cp36m-win32):1.1.2:(.whl),,Tusimple-bom.xml/pkg:pypi\greenlet@1.1.2?extension=whl&qualifier=cp36-cp36m-win32:f0b8c6715853621f7ec7
,,,greenlet:(cp36-cp36m-win_amd64):1.1.2:(.whl),,Tusimple-bom.xml/pkg:pypi\greenlet@1.1.2?extension=whl&qualifier=cp36-cp36m-win_amd64:af0888a6f2b23bcf8d46
,,,greenlet:(cp37-cp37m-macosx_10_14_x86_64):1.1.2:(.whl),,Tusimple-bom.xml/pkg:pypi\greenlet@1.1.2?extension=whl&qualifier=cp37-cp37m-macosx_10_14_x86_64:89a03dbf4d948b3ddc06
,,,greenlet:(cp37-cp37m-manylinux1_x86_64):1.1.2:(.whl),,Tusimple-bom.xml/pkg:pypi\greenlet@1.1.2?extension=whl&qualifier=cp37-cp37m-manylinux1_x86_64:452af2cc396be4ab42d0
,,,greenlet:(cp37-cp37m-manylinux2010_x86_64):1.1.2:(.whl),,Tusimple-bom.xml/pkg:pypi\greenlet@1.1.2?extension=whl&qualifier=cp37-cp37m-manylinux2010_x86_64:225a8ded32e7e7d1130e
,,,greenlet:(cp37-cp37m-manylinux_2_17_aarch64.manylinux2014_aarch64):1.1.2:(.whl),,Tusimple-bom.xml/pkg:pypi\greenlet@1.1.2?extension=whl&qualifier=cp37-cp37m-manylinux_2_17_aarch64.manylinux2014_aarch64:fa2989b5d20bb986cd34
,,,greenlet:(cp37-cp37m-manylinux_2_17_ppc64le.manylinux2014_ppc64le):1.1.2:(.whl),,Tusimple-bom.xml/pkg:pypi\greenlet@1.1.2?extension=whl&qualifier=cp37-cp37m-manylinux_2_17_ppc64le.manylinux2014_ppc64le:ed193d1781d5bbb7bf76
,,,greenlet:(cp37-cp37m-manylinux_2_17_x86_64.manylinux2014_x86_64):1.1.2:(.whl),,Tusimple-bom.xml/pkg:pypi\greenlet@1.1.2?extension=whl&qualifier=cp37-cp37m-manylinux_2_17_x86_64.manylinux2014_x86_64:da3040bec1cd8875be5f
,,,greenlet:(cp37-cp37m-musllinux_1_1_x86_64):1.1.2:(.whl),,Tusimple-bom.xml/pkg:pypi\greenlet@1.1.2?extension=whl&qualifier=cp37-cp37m-musllinux_1_1_x86_64:93c87ee1093257d18436
,,,greenlet:(cp37-cp37m-win32):1.1.2:(.whl),,Tusimple-bom.xml/pkg:pypi\greenlet@1.1.2?extension=whl&qualifier=cp37-cp37m-win32:b7602d57c9b99c0e13b2
,,,greenlet:(cp37-cp37m-win_amd64):1.1.2:(.whl),,Tusimple-bom.xml/pkg:pypi\greenlet@1.1.2?extension=whl&qualifier=cp37-cp37m-win_amd64:e2b0b7f2dad5f41a3415
,,,greenlet:(cp38-cp38-macosx_10_14_x86_64):1.1.2:(.whl),,Tusimple-bom.xml/pkg:pypi\greenlet@1.1.2?extension=whl&qualifier=cp38-cp38-macosx_10_14_x86_64:e0a941e10da15382cf96
,,,greenlet:(cp38-cp38-manylinux1_x86_64):1.1.2:(.whl),,Tusimple-bom.xml/pkg:pypi\greenlet@1.1.2?extension=whl&qualifier=cp38-cp38-manylinux1_x86_64:890952353b54afd0d623
,,,greenlet:(cp38-cp38-manylinux2010_x86_64):1.1.2:(.whl),,Tusimple-bom.xml/pkg:pypi\greenlet@1.1.2?extension=whl&qualifier=cp38-cp38-manylinux2010_x86_64:aa2722c12f9caaf18ae1
,,,greenlet:(cp38-cp38-manylinux_2_17_aarch64.manylinux2014_aarch64):1.1.2:(.whl),,Tusimple-bom.xml/pkg:pypi\greenlet@1.1.2?extension=whl&qualifier=cp38-cp38-manylinux_2_17_aarch64.manylinux2014_aarch64:7a8716b889243eb339a5
,,,greenlet:(cp38-cp38-manylinux_2_17_ppc64le.manylinux2014_ppc64le):1.1.2:(.whl),,Tusimple-bom.xml/pkg:pypi\greenlet@1.1.2?extension=whl&qualifier=cp38-cp38-manylinux_2_17_ppc64le.manylinux2014_ppc64le:0cadada0d87cb7e44b8e
,,,greenlet:(cp38-cp38-manylinux_2_17_x86_64.manylinux2014_x86_64):1.1.2:(.whl),,Tusimple-bom.xml/pkg:pypi\greenlet@1.1.2?extension=whl&qualifier=cp38-cp38-manylinux_2_17_x86_64.manylinux2014_x86_64:673770872757fe48f967
,,,greenlet:(cp38-cp38-musllinux_1_1_x86_64):1.1.2:(.whl),,Tusimple-bom.xml/pkg:pypi\greenlet@1.1.2?extension=whl&qualifier=cp38-cp38-musllinux_1_1_x86_64:53f07c8dfe37e048dc85
,,,greenlet:(cp38-cp38-win32):1.1.2:(.whl),,Tusimple-bom.xml/pkg:pypi\greenlet@1.1.2?extension=whl&qualifier=cp38-cp38-win32:f1d6961adf62897ac7f2
,,,greenlet:(cp38-cp38-win_amd64):1.1.2:(.whl),,Tusimple-bom.xml/pkg:pypi\greenlet@1.1.2?extension=whl&qualifier=cp38-cp38-win_amd64:892fb52d4b09d3698b94
,,,greenlet:(cp39-cp39-macosx_10_14_x86_64):1.1.2:(.whl),,Tusimple-bom.xml/pkg:pypi\greenlet@1.1.2?extension=whl&qualifier=cp39-cp39-macosx_10_14_x86_64:192a187cefd1f8383c81
,,,greenlet:(cp39-cp39-manylinux1_x86_64):1.1.2:(.whl),,Tusimple-bom.xml/pkg:pypi\greenlet@1.1.2?extension=whl&qualifier=cp39-cp39-manylinux1_x86_64:f8e572f8699573ba50c4
,,,greenlet:(cp39-cp39-manylinux2010_x86_64):1.1.2:(.whl),,Tusimple-bom.xml/pkg:pypi\greenlet@1.1.2?extension=whl&qualifier=cp39-cp39-manylinux2010_x86_64:63854e721208871db6c5
,,,greenlet:(cp39-cp39-manylinux_2_17_aarch64.manylinux2014_aarch64):1.1.2:(.whl),,Tusimple-bom.xml/pkg:pypi\greenlet@1.1.2?extension=whl&qualifier=cp39-cp39-manylinux_2_17_aarch64.manylinux2014_aarch64:22d69c624435d8087b2e
,,,greenlet:(cp39-cp39-manylinux_2_17_ppc64le.manylinux2014_ppc64le):1.1.2:(.whl),,Tusimple-bom.xml/pkg:pypi\greenlet@1.1.2?extension=whl&qualifier=cp39-cp39-manylinux_2_17_ppc64le.manylinux2014_ppc64le:6eb7f236f8f0cc07a1dd
,,,greenlet:(cp39-cp39-manylinux_2_17_x86_64.manylinux2014_x86_64):1.1.2:(.whl),,Tusimple-bom.xml/pkg:pypi\greenlet@1.1.2?extension=whl&qualifier=cp39-cp39-manylinux_2_17_x86_64.manylinux2014_x86_64:84be5bd111490cfbbc70
,,,greenlet:(cp39-cp39-musllinux_1_1_x86_64):1.1.2:(.whl),,Tusimple-bom.xml/pkg:pypi\greenlet@1.1.2?extension=whl&qualifier=cp39-cp39-musllinux_1_1_x86_64:1522047a4c9327992e3f
,,,greenlet:(cp39-cp39-win32):1.1.2:(.whl),,Tusimple-bom.xml/pkg:pypi\greenlet@1.1.2?extension=whl&qualifier=cp39-cp39-win32:aba130a4d95e56f33ac3
,,,greenlet:(cp39-cp39-win_amd64):1.1.2:(.whl),,Tusimple-bom.xml/pkg:pypi\greenlet@1.1.2?extension=whl&qualifier=cp39-cp39-win_amd64:a8e3b8830c0fe74829af
,,,greenlet:1.1.2:(.tar.gz),,Tusimple-bom.xml/pkg:pypi\greenlet@1.1.2?extension=tar.gz:c602e132ae4aaed5cb2e
,,,idna:(py2.py3-none-any):2.8:(.whl),,Tusimple-bom.xml/pkg:pypi\idna@2.8?extension=whl&qualifier=py2.py3-none-any:428950b762f04cb88c21
,,,idna:2.8:(.tar.gz),,Tusimple-bom.xml/pkg:pypi\idna@2.8?extension=tar.gz:c1e59def26dac74a2ec5
,,,importlib-metadata:(py2.py3-none-any):1.6.0:(.whl),,Tusimple-bom.xml/pkg:pypi\importlib-metadata@1.6.0?extension=whl&qualifier=py2.py3-none-any:637f73ad8239307e9371
,,,importlib-metadata:1.6.0:(.tar.gz),,Tusimple-bom.xml/pkg:pypi\importlib-metadata@1.6.0?extension=tar.gz:3be79096604e65b1dc41
,,,insert-css:2.0.0,,Tusimple-bom.xml/pkg:npm\insert-css@2.0.0:eb5d1097b7542f4c79ea
,,,ipython:(py3-none-any):7.9.0:(.whl),"CVE-2022-21699, CVE-2023-24816, sonatype-2019-0659",Tusimple-bom.xml/pkg:pypi\ipython@7.9.0?extension=whl&qualifier=py3-none-any:7ddda6725d5b5f8ea0e8
,,,ipython:7.9.0:(.tar.gz),"CVE-2022-21699, CVE-2023-24816, sonatype-2019-0659",Tusimple-bom.xml/pkg:pypi\ipython@7.9.0?extension=tar.gz:d71d6b6215c5cbbab708
,,,ipython_genutils:(py2.py3-none-any):0.2.0:(.whl),,Tusimple-bom.xml/pkg:pypi\ipython-genutils@0.2.0?extension=whl&qualifier=py2.py3-none-any:5545f6093e4638e3cb46
,,,ipython_genutils:0.2.0:(.tar.gz),,Tusimple-bom.xml/pkg:pypi\ipython-genutils@0.2.0?extension=tar.gz:5bbf262704d1406ed63e
,,,is-promise:2.2.2,,Tusimple-bom.xml/pkg:npm\is-promise@2.2.2:39ab959ccbf9a774cf07
,,,itsdangerous:(py2.py3-none-any):1.1.0:(.whl),,Tusimple-bom.xml/pkg:pypi\itsdangerous@1.1.0?extension=whl&qualifier=py2.py3-none-any:daa770893bf76273c982
,,,itsdangerous:1.1.0:(.tar.gz),,Tusimple-bom.xml/pkg:pypi\itsdangerous@1.1.0?extension=tar.gz:b79fef5caacdd247f7de
,,,jedi:(py2.py3-none-any):0.15.2:(.whl),,Tusimple-bom.xml/pkg:pypi\jedi@0.15.2?extension=whl&qualifier=py2.py3-none-any:dc6c657803726c521820
,,,jedi:0.15.2:(.tar.gz),,Tusimple-bom.xml/pkg:pypi\jedi@0.15.2?extension=tar.gz:03782c1ea840b57a5b97
,,,jira:(py2.py3-none-any):2.0.0:(.whl),,Tusimple-bom.xml/pkg:pypi\jira@2.0.0?extension=whl&qualifier=py2.py3-none-any:6ca1bd21a0f02c02262a
,,,jira:2.0.0:(.tar.gz),,Tusimple-bom.xml/pkg:pypi\jira@2.0.0?extension=tar.gz:46a747cc1a1519846863
,,,jmespath:(py2.py3-none-any):0.9.4:(.whl),,Tusimple-bom.xml/pkg:pypi\jmespath@0.9.4?extension=whl&qualifier=py2.py3-none-any:4e18f8857463b944b861
,,,jmespath:0.9.4:(.tar.gz),,Tusimple-bom.xml/pkg:pypi\jmespath@0.9.4?extension=tar.gz:e69576ffb34660ac546d
,,,js-tokens:4.0.0,,Tusimple-bom.xml/pkg:npm\js-tokens@4.0.0:19203fb59991df98e3a2
,,,lodash:4.17.20,"CVE-2020-28500, CVE-2021-23337",Tusimple-bom.xml/pkg:npm\lodash@4.17.20:b44a9b6297bcb698f1c5
,,,lodash:4.17.21,,Tusimple-bom.xml/pkg:npm\lodash@4.17.21:679591c564c3bffaae84
,,,loose-envify:1.4.0,,Tusimple-bom.xml/pkg:npm\loose-envify@1.4.0:71ee51fa7be4caec1a63
,,,material-colors:1.2.6,,Tusimple-bom.xml/pkg:npm\material-colors@1.2.6:6d1958871126992ceecc
,,,mccabe:(py2.py3-none-any):0.6.1:(.whl),,Tusimple-bom.xml/pkg:pypi\mccabe@0.6.1?extension=whl&qualifier=py2.py3-none-any:bfd4cdc5278684e06b55
,,,mccabe:0.6.1:(.tar.gz),,Tusimple-bom.xml/pkg:pypi\mccabe@0.6.1?extension=tar.gz:ff6dc4dd64d3691e7f55
,,,mock:(py2.py3-none-any):3.0.5:(.whl),,Tusimple-bom.xml/pkg:pypi\mock@3.0.5?extension=whl&qualifier=py2.py3-none-any:190d345415f9c8f2f941
,,,mock:3.0.5:(.tar.gz),,Tusimple-bom.xml/pkg:pypi\mock@3.0.5?extension=tar.gz:167f99c44164796add19
,,,moment-timezone:0.5.34,,Tusimple-bom.xml/pkg:npm\moment-timezone@0.5.34:a75938f7476b88f155d3
,,,moment:2.29.1,"CVE-2022-24785, CVE-2022-31129",Tusimple-bom.xml/pkg:npm\moment@2.29.1:b2be769fa31940be9eee
,,,moment:2.29.4,,Tusimple-bom.xml/pkg:npm\moment@2.29.4:3dbe052889fe7c1b2ed9
,,,mongoengine:(py3-none-any):0.24.1:(.whl),,Tusimple-bom.xml/pkg:pypi\mongoengine@0.24.1?extension=whl&qualifier=py3-none-any:f9755a4a9457be0d55d5
,,,mongoengine:0.24.1:(.tar.gz),,Tusimple-bom.xml/pkg:pypi\mongoengine@0.24.1?extension=tar.gz:d9afda09038a16068b6f
,,,mongomock:(py2.py3-none-any):3.19.0:(.whl),,Tusimple-bom.xml/pkg:pypi\mongomock@3.19.0?extension=whl&qualifier=py2.py3-none-any:f77b98f3217c99006a92
,,,mongomock:3.19.0:(.tar.gz),,Tusimple-bom.xml/pkg:pypi\mongomock@3.19.0?extension=tar.gz:29f88b79e9f6a6a6fe0e
,,,more-itertools:(py3-none-any):8.2.0:(.whl),,Tusimple-bom.xml/pkg:pypi\more-itertools@8.2.0?extension=whl&qualifier=py3-none-any:77a8453c108574d5a9f5
,,,more-itertools:8.2.0:(.tar.gz),,Tusimple-bom.xml/pkg:pypi\more-itertools@8.2.0?extension=tar.gz:8b3c5dc197da4c068e8b
,,,normalize-wheel:1.0.1,,Tusimple-bom.xml/pkg:npm\normalize-wheel@1.0.1:aec886affdb045070d85
,,,openpyxl:(py2.py3-none-any):3.0.7:(.whl),,Tusimple-bom.xml/pkg:pypi\openpyxl@3.0.7?extension=whl&qualifier=py2.py3-none-any:cc0309e2c6d1652d6006
,,,openpyxl:3.0.7:(.tar.gz),,Tusimple-bom.xml/pkg:pypi\openpyxl@3.0.7?extension=tar.gz:ceea95f5adda8a961b66
,,,packaging:(py3-none-any):21.3:(.whl),,Tusimple-bom.xml/pkg:pypi\packaging@21.3?extension=whl&qualifier=py3-none-any:bc1215388f22b27f973b
,,,packaging:21.3:(.tar.gz),,Tusimple-bom.xml/pkg:pypi\packaging@21.3?extension=tar.gz:b8caff3bec760723db6a
,,,parso:(py2.py3-none-any):0.5.2:(.whl),CVE-2019-12760,Tusimple-bom.xml/pkg:pypi\parso@0.5.2?extension=whl&qualifier=py2.py3-none-any:b15990f190ccfc2ed444
,,,parso:0.5.2:(.tar.gz),CVE-2019-12760,Tusimple-bom.xml/pkg:pypi\parso@0.5.2?extension=tar.gz:420ef513c2c86f1732c3
,,,pathlib2:(py2.py3-none-any):2.3.5:(.whl),,Tusimple-bom.xml/pkg:pypi\pathlib2@2.3.5?extension=whl&qualifier=py2.py3-none-any:2e7ab7a618cf69e5c1da
,,,pathlib2:2.3.5:(.tar.gz),,Tusimple-bom.xml/pkg:pypi\pathlib2@2.3.5?extension=tar.gz:2f6f0f728ab0277fc183
,,,pexpect:(py2.py3-none-any):4.8.0:(.whl),,Tusimple-bom.xml/pkg:pypi\pexpect@4.8.0?extension=whl&qualifier=py2.py3-none-any:0c3fc83ca045abeec9ce
,,,pexpect:4.8.0:(.tar.gz),,Tusimple-bom.xml/pkg:pypi\pexpect@4.8.0?extension=tar.gz:ee5dd435ca68dc05daa7
,,,pickleshare:(py2.py3-none-any):0.7.5:(.whl),,Tusimple-bom.xml/pkg:pypi\pickleshare@0.7.5?extension=whl&qualifier=py2.py3-none-any:9c980c6c07156a0b8823
,,,pickleshare:0.7.5:(.tar.gz),,Tusimple-bom.xml/pkg:pypi\pickleshare@0.7.5?extension=tar.gz:c583011994ee0733ea4a
,,,pluggy:(py2.py3-none-any):0.13.1:(.whl),,Tusimple-bom.xml/pkg:pypi\pluggy@0.13.1?extension=whl&qualifier=py2.py3-none-any:bea186814eafe56aa821
,,,pluggy:0.13.1:(.tar.gz),,Tusimple-bom.xml/pkg:pypi\pluggy@0.13.1?extension=tar.gz:828b2c10996d902b8c47
,,,preact:10.5.7,,Tusimple-bom.xml/pkg:npm\preact@10.5.7:f1d84725539e18f7ccbe
,,,prometheus-client:(py3-none-any):0.14.1:(.whl),,Tusimple-bom.xml/pkg:pypi\prometheus-client@0.14.1?extension=whl&qualifier=py3-none-any:0132ccb4a1b7e6acc8f4
,,,prometheus-client:0.14.1:(.tar.gz),,Tusimple-bom.xml/pkg:pypi\prometheus-client@0.14.1?extension=tar.gz:dabd66e652ea8275b498
,,,prompt-toolkit:(py2-none-any):2.0.10:(.whl),,Tusimple-bom.xml/pkg:pypi\prompt-toolkit@2.0.10?extension=whl&qualifier=py2-none-any:9250872b788eee207e3b
,,,prompt-toolkit:(py3-none-any):2.0.10:(.whl),,Tusimple-bom.xml/pkg:pypi\prompt-toolkit@2.0.10?extension=whl&qualifier=py3-none-any:b09c4655a4c8bd24c54a
,,,prompt-toolkit:2.0.10:(.tar.gz),,Tusimple-bom.xml/pkg:pypi\prompt-toolkit@2.0.10?extension=tar.gz:5f658106e5ca102968f7
,,,ptyprocess:(py2.py3-none-any):0.6.0:(.whl),,Tusimple-bom.xml/pkg:pypi\ptyprocess@0.6.0?extension=whl&qualifier=py2.py3-none-any:0510a31b1a72328147f3
,,,ptyprocess:0.6.0:(.tar.gz),,Tusimple-bom.xml/pkg:pypi\ptyprocess@0.6.0?extension=tar.gz:39622a2ff2cb456f17db
,,,py:(py2.py3-none-any):1.11.0:(.whl),CVE-2022-42969,Tusimple-bom.xml/pkg:pypi\py@1.11.0?extension=whl&qualifier=py2.py3-none-any:44002baec8d2184d218b
,,,py:1.11.0:(.tar.gz),CVE-2022-42969,Tusimple-bom.xml/pkg:pypi\py@1.11.0?extension=tar.gz:bb8aa4f56e3ced1cd619
,,,pyOpenSSL:(py2.py3-none-any):19.1.0:(.whl),,Tusimple-bom.xml/pkg:pypi\pyopenssl@19.1.0?extension=whl&qualifier=py2.py3-none-any:342f74140a0a9a600bdd
,,,pyOpenSSL:19.1.0:(.tar.gz),,Tusimple-bom.xml/pkg:pypi\pyopenssl@19.1.0?extension=tar.gz:0b8a66d0f14e641f23ab
,,,pyasn1:(py2.4):0.4.8:(.egg),,Tusimple-bom.xml/pkg:pypi\pyasn1@0.4.8?extension=egg&qualifier=py2.4:f11ee9d42ff24b6467f3
,,,pyasn1:(py2.5):0.4.8:(.egg),,Tusimple-bom.xml/pkg:pypi\pyasn1@0.4.8?extension=egg&qualifier=py2.5:aba48ee28e718aa6f93a
,,,pyasn1:(py2.6):0.4.8:(.egg),,Tusimple-bom.xml/pkg:pypi\pyasn1@0.4.8?extension=egg&qualifier=py2.6:684c22edf7a8fbe8bcbe
,,,pyasn1:(py2.7):0.4.8:(.egg),,Tusimple-bom.xml/pkg:pypi\pyasn1@0.4.8?extension=egg&qualifier=py2.7:294e72649fa2d9da730a
,,,pyasn1:(py2.py3-none-any):0.4.8:(.whl),,Tusimple-bom.xml/pkg:pypi\pyasn1@0.4.8?extension=whl&qualifier=py2.py3-none-any:c3c9f195dc89eb6d0482
,,,pyasn1:(py3.1):0.4.8:(.egg),,Tusimple-bom.xml/pkg:pypi\pyasn1@0.4.8?extension=egg&qualifier=py3.1:2494c7302639cf656c3d
,,,pyasn1:(py3.2):0.4.8:(.egg),,Tusimple-bom.xml/pkg:pypi\pyasn1@0.4.8?extension=egg&qualifier=py3.2:65d6957b5d00efeeb838
,,,pyasn1:(py3.3):0.4.8:(.egg),,Tusimple-bom.xml/pkg:pypi\pyasn1@0.4.8?extension=egg&qualifier=py3.3:8439bf8c692d8dcdb6b2
,,,pyasn1:(py3.4):0.4.8:(.egg),,Tusimple-bom.xml/pkg:pypi\pyasn1@0.4.8?extension=egg&qualifier=py3.4:1640486dfebe1291a4ba
,,,pyasn1:(py3.5):0.4.8:(.egg),,Tusimple-bom.xml/pkg:pypi\pyasn1@0.4.8?extension=egg&qualifier=py3.5:6c3f0f7f851e84a01776
,,,pyasn1:(py3.6):0.4.8:(.egg),,Tusimple-bom.xml/pkg:pypi\pyasn1@0.4.8?extension=egg&qualifier=py3.6:a63616953f1bd6dc72be
,,,pyasn1:(py3.7):0.4.8:(.egg),,Tusimple-bom.xml/pkg:pypi\pyasn1@0.4.8?extension=egg&qualifier=py3.7:b814e1c45a4532b6f6da
,,,pyasn1:0.4.8:(.tar.gz),,Tusimple-bom.xml/pkg:pypi\pyasn1@0.4.8?extension=tar.gz:e0fa19f8fda46a1fa225
,,,pycodestyle:(py2.py3-none-any):2.6.0a1:(.whl),,Tusimple-bom.xml/pkg:pypi\pycodestyle@2.6.0a1?extension=whl&qualifier=py2.py3-none-any:edfaf9edbb4b7a7db81a
,,,pycodestyle:2.6.0a1:(.tar.gz),,Tusimple-bom.xml/pkg:pypi\pycodestyle@2.6.0a1?extension=tar.gz:7b4aade77574552562ce
,,,pycparser:2.19:(.tar.gz),,Tusimple-bom.xml/pkg:pypi\pycparser@2.19?extension=tar.gz:a69ccf20b014709aeabd
,,,pyflakes:(py2.py3-none-any):2.2.0:(.whl),,Tusimple-bom.xml/pkg:pypi\pyflakes@2.2.0?extension=whl&qualifier=py2.py3-none-any:4681ecaa868397d0c204
,,,pyflakes:2.2.0:(.tar.gz),,Tusimple-bom.xml/pkg:pypi\pyflakes@2.2.0?extension=tar.gz:e514cf251c2c17533132
,,,pymongo:(cp27-cp27m-macosx_10_15_x86_64):3.11.0:(.whl),,Tusimple-bom.xml/pkg:pypi\pymongo@3.11.0?extension=whl&qualifier=cp27-cp27m-macosx_10_15_x86_64:d52225e390b2ce5af66c
,,,pymongo:(cp27-cp27m-manylinux1_i686):3.11.0:(.whl),,Tusimple-bom.xml/pkg:pypi\pymongo@3.11.0?extension=whl&qualifier=cp27-cp27m-manylinux1_i686:a3bd311c156b48e95b13
,,,pymongo:(cp27-cp27m-manylinux1_x86_64):3.11.0:(.whl),,Tusimple-bom.xml/pkg:pypi\pymongo@3.11.0?extension=whl&qualifier=cp27-cp27m-manylinux1_x86_64:abcbb79854b557288e1d
,,,pymongo:(cp27-cp27m-win32):3.11.0:(.whl),,Tusimple-bom.xml/pkg:pypi\pymongo@3.11.0?extension=whl&qualifier=cp27-cp27m-win32:8a8bf8084279627b9a21
,,,pymongo:(cp27-cp27m-win_amd64):3.11.0:(.whl),,Tusimple-bom.xml/pkg:pypi\pymongo@3.11.0?extension=whl&qualifier=cp27-cp27m-win_amd64:7fc94ef1a54fe35c39f2
,,,pymongo:(cp27-cp27mu-manylinux1_i686):3.11.0:(.whl),,Tusimple-bom.xml/pkg:pypi\pymongo@3.11.0?extension=whl&qualifier=cp27-cp27mu-manylinux1_i686:231264b99c75c03dd8cb
,,,pymongo:(cp27-cp27mu-manylinux1_x86_64):3.11.0:(.whl),,Tusimple-bom.xml/pkg:pypi\pymongo@3.11.0?extension=whl&qualifier=cp27-cp27mu-manylinux1_x86_64:79472b566e73be9864db
,,,pymongo:(cp34-cp34m-macosx_10_6_intel):3.11.0:(.whl),,Tusimple-bom.xml/pkg:pypi\pymongo@3.11.0?extension=whl&qualifier=cp34-cp34m-macosx_10_6_intel:d524fbf20f1680847312
,,,pymongo:(cp34-cp34m-manylinux1_i686):3.11.0:(.whl),,Tusimple-bom.xml/pkg:pypi\pymongo@3.11.0?extension=whl&qualifier=cp34-cp34m-manylinux1_i686:5d8515cf41e331c2fe93
,,,pymongo:(cp34-cp34m-manylinux1_x86_64):3.11.0:(.whl),,Tusimple-bom.xml/pkg:pypi\pymongo@3.11.0?extension=whl&qualifier=cp34-cp34m-manylinux1_x86_64:76e050faf5d17c18b525
,,,pymongo:(cp34-cp34m-win32):3.11.0:(.whl),,Tusimple-bom.xml/pkg:pypi\pymongo@3.11.0?extension=whl&qualifier=cp34-cp34m-win32:c8b4ce1626dc8b338905
,,,pymongo:(cp34-cp34m-win_amd64):3.11.0:(.whl),,Tusimple-bom.xml/pkg:pypi\pymongo@3.11.0?extension=whl&qualifier=cp34-cp34m-win_amd64:49619f8025c1609d3881
,,,pymongo:(cp35-cp35m-macosx_10_6_intel):3.11.0:(.whl),,Tusimple-bom.xml/pkg:pypi\pymongo@3.11.0?extension=whl&qualifier=cp35-cp35m-macosx_10_6_intel:0107b92fdc3a921fe679
,,,pymongo:(cp35-cp35m-manylinux1_i686):3.11.0:(.whl),,Tusimple-bom.xml/pkg:pypi\pymongo@3.11.0?extension=whl&qualifier=cp35-cp35m-manylinux1_i686:9a739db1e3c560336e4c
,,,pymongo:(cp35-cp35m-manylinux1_x86_64):3.11.0:(.whl),,Tusimple-bom.xml/pkg:pypi\pymongo@3.11.0?extension=whl&qualifier=cp35-cp35m-manylinux1_x86_64:1606d066c6b782e23ed8
,,,pymongo:(cp35-cp35m-manylinux2014_aarch64):3.11.0:(.whl),,Tusimple-bom.xml/pkg:pypi\pymongo@3.11.0?extension=whl&qualifier=cp35-cp35m-manylinux2014_aarch64:3d457d7a4b2ac8cbb3eb
,,,pymongo:(cp35-cp35m-manylinux2014_i686):3.11.0:(.whl),,Tusimple-bom.xml/pkg:pypi\pymongo@3.11.0?extension=whl&qualifier=cp35-cp35m-manylinux2014_i686:5f8908cd6771751d0778
,,,pymongo:(cp35-cp35m-manylinux2014_ppc64le):3.11.0:(.whl),,Tusimple-bom.xml/pkg:pypi\pymongo@3.11.0?extension=whl&qualifier=cp35-cp35m-manylinux2014_ppc64le:a7b5383e1a614549b3a3
,,,pymongo:(cp35-cp35m-manylinux2014_s390x):3.11.0:(.whl),,Tusimple-bom.xml/pkg:pypi\pymongo@3.11.0?extension=whl&qualifier=cp35-cp35m-manylinux2014_s390x:6a1f9ae019e0d36b7795
,,,pymongo:(cp35-cp35m-manylinux2014_x86_64):3.11.0:(.whl),,Tusimple-bom.xml/pkg:pypi\pymongo@3.11.0?extension=whl&qualifier=cp35-cp35m-manylinux2014_x86_64:8ab8d767ccd878aa1334
,,,pymongo:(cp35-cp35m-win32):3.11.0:(.whl),,Tusimple-bom.xml/pkg:pypi\pymongo@3.11.0?extension=whl&qualifier=cp35-cp35m-win32:d7ba422388f933f39481
,,,pymongo:(cp35-cp35m-win_amd64):3.11.0:(.whl),,Tusimple-bom.xml/pkg:pypi\pymongo@3.11.0?extension=whl&qualifier=cp35-cp35m-win_amd64:10296f15ade73b2ceaaf
,,,pymongo:(cp36-cp36m-macosx_10_9_x86_64):3.11.0:(.whl),,Tusimple-bom.xml/pkg:pypi\pymongo@3.11.0?extension=whl&qualifier=cp36-cp36m-macosx_10_9_x86_64:8ba8dc5341a69ba3bc9f
,,,pymongo:(cp36-cp36m-manylinux1_i686):3.11.0:(.whl),,Tusimple-bom.xml/pkg:pypi\pymongo@3.11.0?extension=whl&qualifier=cp36-cp36m-manylinux1_i686:468a3c7acf2b096a6841
,,,pymongo:(cp36-cp36m-manylinux1_x86_64):3.11.0:(.whl),,Tusimple-bom.xml/pkg:pypi\pymongo@3.11.0?extension=whl&qualifier=cp36-cp36m-manylinux1_x86_64:a0ce0187953ab4cfe6f8
,,,pymongo:(cp36-cp36m-manylinux2014_aarch64):3.11.0:(.whl),,Tusimple-bom.xml/pkg:pypi\pymongo@3.11.0?extension=whl&qualifier=cp36-cp36m-manylinux2014_aarch64:b3d6e3bcfa8e9df73503
,,,pymongo:(cp36-cp36m-manylinux2014_i686):3.11.0:(.whl),,Tusimple-bom.xml/pkg:pypi\pymongo@3.11.0?extension=whl&qualifier=cp36-cp36m-manylinux2014_i686:66c439b8e3bd5bea171d
,,,pymongo:(cp36-cp36m-manylinux2014_ppc64le):3.11.0:(.whl),,Tusimple-bom.xml/pkg:pypi\pymongo@3.11.0?extension=whl&qualifier=cp36-cp36m-manylinux2014_ppc64le:c4eb8cbfc43af568bc78
,,,pymongo:(cp36-cp36m-manylinux2014_s390x):3.11.0:(.whl),,Tusimple-bom.xml/pkg:pypi\pymongo@3.11.0?extension=whl&qualifier=cp36-cp36m-manylinux2014_s390x:97e9d33e4f2e88d71fcd
,,,pymongo:(cp36-cp36m-manylinux2014_x86_64):3.11.0:(.whl),,Tusimple-bom.xml/pkg:pypi\pymongo@3.11.0?extension=whl&qualifier=cp36-cp36m-manylinux2014_x86_64:417fe02ea1a1f957a8c2
,,,pymongo:(cp36-cp36m-win32):3.11.0:(.whl),,Tusimple-bom.xml/pkg:pypi\pymongo@3.11.0?extension=whl&qualifier=cp36-cp36m-win32:cb9c5bbbf23d4dff9e13
,,,pymongo:(cp36-cp36m-win_amd64):3.11.0:(.whl),,Tusimple-bom.xml/pkg:pypi\pymongo@3.11.0?extension=whl&qualifier=cp36-cp36m-win_amd64:d8aecdc39477e1e1f731
,,,pymongo:(cp37-cp37m-macosx_10_9_x86_64):3.11.0:(.whl),,Tusimple-bom.xml/pkg:pypi\pymongo@3.11.0?extension=whl&qualifier=cp37-cp37m-macosx_10_9_x86_64:d09901555cff1b0b85fa
,,,pymongo:(cp37-cp37m-manylinux1_i686):3.11.0:(.whl),,Tusimple-bom.xml/pkg:pypi\pymongo@3.11.0?extension=whl&qualifier=cp37-cp37m-manylinux1_i686:ac691059296d367d3590
,,,pymongo:(cp37-cp37m-manylinux1_x86_64):3.11.0:(.whl),,Tusimple-bom.xml/pkg:pypi\pymongo@3.11.0?extension=whl&qualifier=cp37-cp37m-manylinux1_x86_64:f8392becb79e6268a291
,,,pymongo:(cp37-cp37m-manylinux2014_aarch64):3.11.0:(.whl),,Tusimple-bom.xml/pkg:pypi\pymongo@3.11.0?extension=whl&qualifier=cp37-cp37m-manylinux2014_aarch64:82a15e0946abaf8eba2b
,,,pymongo:(cp37-cp37m-manylinux2014_i686):3.11.0:(.whl),,Tusimple-bom.xml/pkg:pypi\pymongo@3.11.0?extension=whl&qualifier=cp37-cp37m-manylinux2014_i686:3edc3f604f311e5c8aca
,,,pymongo:(cp37-cp37m-manylinux2014_ppc64le):3.11.0:(.whl),,Tusimple-bom.xml/pkg:pypi\pymongo@3.11.0?extension=whl&qualifier=cp37-cp37m-manylinux2014_ppc64le:53814ace1dc35be15035
,,,pymongo:(cp37-cp37m-manylinux2014_s390x):3.11.0:(.whl),,Tusimple-bom.xml/pkg:pypi\pymongo@3.11.0?extension=whl&qualifier=cp37-cp37m-manylinux2014_s390x:6768d1025290a26ff96c
,,,pymongo:(cp37-cp37m-manylinux2014_x86_64):3.11.0:(.whl),,Tusimple-bom.xml/pkg:pypi\pymongo@3.11.0?extension=whl&qualifier=cp37-cp37m-manylinux2014_x86_64:c742cf29895d1c2470cd
,,,pymongo:(cp37-cp37m-win32):3.11.0:(.whl),,Tusimple-bom.xml/pkg:pypi\pymongo@3.11.0?extension=whl&qualifier=cp37-cp37m-win32:81a28e14f2e186577d43
,,,pymongo:(cp37-cp37m-win_amd64):3.11.0:(.whl),,Tusimple-bom.xml/pkg:pypi\pymongo@3.11.0?extension=whl&qualifier=cp37-cp37m-win_amd64:bcdab37ce54ab8b29553
,,,pymongo:(cp38-cp38-macosx_10_9_x86_64):3.11.0:(.whl),,Tusimple-bom.xml/pkg:pypi\pymongo@3.11.0?extension=whl&qualifier=cp38-cp38-macosx_10_9_x86_64:378e23c9fd94af64e208
,,,pymongo:(cp38-cp38-manylinux1_i686):3.11.0:(.whl),,Tusimple-bom.xml/pkg:pypi\pymongo@3.11.0?extension=whl&qualifier=cp38-cp38-manylinux1_i686:f1979a9c7efbac74d052
,,,pymongo:(cp38-cp38-manylinux1_x86_64):3.11.0:(.whl),,Tusimple-bom.xml/pkg:pypi\pymongo@3.11.0?extension=whl&qualifier=cp38-cp38-manylinux1_x86_64:8ac1e1520638d1a804a4
,,,pymongo:(cp38-cp38-manylinux2014_aarch64):3.11.0:(.whl),,Tusimple-bom.xml/pkg:pypi\pymongo@3.11.0?extension=whl&qualifier=cp38-cp38-manylinux2014_aarch64:00a1e7dcac86d7e7cdc6
,,,pymongo:(cp38-cp38-manylinux2014_i686):3.11.0:(.whl),,Tusimple-bom.xml/pkg:pypi\pymongo@3.11.0?extension=whl&qualifier=cp38-cp38-manylinux2014_i686:7e9d488153550bda45b8
,,,pymongo:(cp38-cp38-manylinux2014_ppc64le):3.11.0:(.whl),,Tusimple-bom.xml/pkg:pypi\pymongo@3.11.0?extension=whl&qualifier=cp38-cp38-manylinux2014_ppc64le:c72670d53f149eb3e841
,,,pymongo:(cp38-cp38-manylinux2014_s390x):3.11.0:(.whl),,Tusimple-bom.xml/pkg:pypi\pymongo@3.11.0?extension=whl&qualifier=cp38-cp38-manylinux2014_s390x:be870a15bf5f838e006c
,,,pymongo:(cp38-cp38-manylinux2014_x86_64):3.11.0:(.whl),,Tusimple-bom.xml/pkg:pypi\pymongo@3.11.0?extension=whl&qualifier=cp38-cp38-manylinux2014_x86_64:2ff4e7413f56570823ea
,,,pymongo:(cp38-cp38-win32):3.11.0:(.whl),,Tusimple-bom.xml/pkg:pypi\pymongo@3.11.0?extension=whl&qualifier=cp38-cp38-win32:195f510eecdfe15d6a63
,,,pymongo:(cp38-cp38-win_amd64):3.11.0:(.whl),,Tusimple-bom.xml/pkg:pypi\pymongo@3.11.0?extension=whl&qualifier=cp38-cp38-win_amd64:64690b6aa69961b90660
,,,pymongo:(py2.7-macosx-10.15-x86_64):3.11.0:(.egg),,Tusimple-bom.xml/pkg:pypi\pymongo@3.11.0?extension=egg&qualifier=py2.7-macosx-10.15-x86_64:84f8558df6af5c5385a8
,,,pymongo:3.11.0:(.tar.gz),,Tusimple-bom.xml/pkg:pypi\pymongo@3.11.0?extension=tar.gz:311914dece553666b8f0
,,,pyparsing:(py2.py3-none-any):2.4.7:(.whl),,Tusimple-bom.xml/pkg:pypi\pyparsing@2.4.7?extension=whl&qualifier=py2.py3-none-any:c8307f47e3b75a2d02af
,,,pyparsing:2.4.7:(.tar.gz),,Tusimple-bom.xml/pkg:pypi\pyparsing@2.4.7?extension=tar.gz:ca8d892c93fe2d54ea5e
,,,pytest:(py3-none-any):7.1.2:(.whl),,Tusimple-bom.xml/pkg:pypi\pytest@7.1.2?extension=whl&qualifier=py3-none-any:c5b8af1703a2dca97d66
,,,pytest:7.1.2:(.tar.gz),,Tusimple-bom.xml/pkg:pypi\pytest@7.1.2?extension=tar.gz:160f57a23c5f58a243ca
,,,python-dateutil:(py2.py3-none-any):2.8.1:(.whl),,Tusimple-bom.xml/pkg:pypi\python-dateutil@2.8.1?extension=whl&qualifier=py2.py3-none-any:3005ff67df93ee276fb8
,,,python-dateutil:2.8.1:(.tar.gz),,Tusimple-bom.xml/pkg:pypi\python-dateutil@2.8.1?extension=tar.gz:bd26127e57f83a10f656
,,,redis:(py3-none-any):4.2.2:(.whl),,Tusimple-bom.xml/pkg:pypi\redis@4.2.2?extension=whl&qualifier=py3-none-any:244af4642afbf6c1bfd2
,,,redis:4.2.2:(.tar.gz),,Tusimple-bom.xml/pkg:pypi\redis@4.2.2?extension=tar.gz:e8838d0135e260dd508b
,,,regenerator-runtime:0.11.1,,Tusimple-bom.xml/pkg:npm\regenerator-runtime@0.11.1:be05ad7f9bf7d22e056f
,,,regenerator-runtime:0.13.7,,Tusimple-bom.xml/pkg:npm\regenerator-runtime@0.13.7:cac2dacc8a1ea675feaa
,,,register-service-worker:1.7.2,,Tusimple-bom.xml/pkg:npm\register-service-worker@1.7.2:6516983e1ef790a98c42
,,,requests:(py2.py3-none-any):2.22.0:(.whl),,Tusimple-bom.xml/pkg:pypi\requests@2.22.0?extension=whl&qualifier=py2.py3-none-any:e1fc28120002395fe1f2
,,,requests:2.22.0:(.tar.gz),,Tusimple-bom.xml/pkg:pypi\requests@2.22.0?extension=tar.gz:c22ed0a553f8dc37e5c2
,,,resize-observer-polyfill:1.5.1,,Tusimple-bom.xml/pkg:npm\resize-observer-polyfill@1.5.1:0e9020dd3d21024458d4
,,,rsa:(py2.py3-none-any):3.4.2:(.whl),"CVE-2020-13757, CVE-2020-25658",Tusimple-bom.xml/pkg:pypi\rsa@3.4.2?extension=whl&qualifier=py2.py3-none-any:c9c7a4af5bae4eb57dd0
,,,rsa:3.4.2:(.tar.gz),"CVE-2020-13757, CVE-2020-25658",Tusimple-bom.xml/pkg:pypi\rsa@3.4.2?extension=tar.gz:5e01533d344df8e55c09
,,,s3transfer:(py2.py3-none-any):0.3.1:(.whl),,Tusimple-bom.xml/pkg:pypi\s3transfer@0.3.1?extension=whl&qualifier=py2.py3-none-any:d08e53b41ae7cc1fa379
,,,s3transfer:0.3.1:(.tar.gz),,Tusimple-bom.xml/pkg:pypi\s3transfer@0.3.1?extension=tar.gz:5bf81d8bb5ffb8727a3a
,,,scipy:(cp35-cp35m-macosx_10_6_intel):1.4.1:(.whl),,Tusimple-bom.xml/pkg:pypi\scipy@1.4.1?extension=whl&qualifier=cp35-cp35m-macosx_10_6_intel:361f8891dc76975100d2
,,,scipy:(cp35-cp35m-manylinux1_i686):1.4.1:(.whl),,Tusimple-bom.xml/pkg:pypi\scipy@1.4.1?extension=whl&qualifier=cp35-cp35m-manylinux1_i686:835b5dc1caa7beea7250
,,,scipy:(cp35-cp35m-manylinux1_x86_64):1.4.1:(.whl),,Tusimple-bom.xml/pkg:pypi\scipy@1.4.1?extension=whl&qualifier=cp35-cp35m-manylinux1_x86_64:17c003b8ef434ddb2eb2
,,,scipy:(cp35-cp35m-win32):1.4.1:(.whl),,Tusimple-bom.xml/pkg:pypi\scipy@1.4.1?extension=whl&qualifier=cp35-cp35m-win32:b4d9b02cbbb2bf1b7b2b
,,,scipy:(cp35-cp35m-win_amd64):1.4.1:(.whl),,Tusimple-bom.xml/pkg:pypi\scipy@1.4.1?extension=whl&qualifier=cp35-cp35m-win_amd64:47defc02634680a45194
,,,scipy:(cp36-cp36m-macosx_10_6_intel):1.4.1:(.whl),,Tusimple-bom.xml/pkg:pypi\scipy@1.4.1?extension=whl&qualifier=cp36-cp36m-macosx_10_6_intel:a259050e40d68406aad7
,,,scipy:(cp36-cp36m-manylinux1_i686):1.4.1:(.whl),,Tusimple-bom.xml/pkg:pypi\scipy@1.4.1?extension=whl&qualifier=cp36-cp36m-manylinux1_i686:8358c9755f97b6bee03b
,,,scipy:(cp36-cp36m-manylinux1_x86_64):1.4.1:(.whl),,Tusimple-bom.xml/pkg:pypi\scipy@1.4.1?extension=whl&qualifier=cp36-cp36m-manylinux1_x86_64:41b6c9c5d58c0e0d9f19
,,,scipy:(cp36-cp36m-win32):1.4.1:(.whl),,Tusimple-bom.xml/pkg:pypi\scipy@1.4.1?extension=whl&qualifier=cp36-cp36m-win32:49613a58885d8279c721
,,,scipy:(cp36-cp36m-win_amd64):1.4.1:(.whl),,Tusimple-bom.xml/pkg:pypi\scipy@1.4.1?extension=whl&qualifier=cp36-cp36m-win_amd64:d35b41c33f15da61e787
,,,scipy:(cp37-cp37m-macosx_10_6_intel):1.4.1:(.whl),,Tusimple-bom.xml/pkg:pypi\scipy@1.4.1?extension=whl&qualifier=cp37-cp37m-macosx_10_6_intel:669714749d0c65a615a9
,,,scipy:(cp37-cp37m-manylinux1_i686):1.4.1:(.whl),,Tusimple-bom.xml/pkg:pypi\scipy@1.4.1?extension=whl&qualifier=cp37-cp37m-manylinux1_i686:27eb2bf6b631929ecd21
,,,scipy:(cp37-cp37m-manylinux1_x86_64):1.4.1:(.whl),,Tusimple-bom.xml/pkg:pypi\scipy@1.4.1?extension=whl&qualifier=cp37-cp37m-manylinux1_x86_64:568e43951e8b6480ea9f
,,,scipy:(cp37-cp37m-win32):1.4.1:(.whl),,Tusimple-bom.xml/pkg:pypi\scipy@1.4.1?extension=whl&qualifier=cp37-cp37m-win32:cfbcdf6492605d04b30f
,,,scipy:(cp37-cp37m-win_amd64):1.4.1:(.whl),,Tusimple-bom.xml/pkg:pypi\scipy@1.4.1?extension=whl&qualifier=cp37-cp37m-win_amd64:b65333436c7aa76678a0
,,,scipy:(cp38-cp38-macosx_10_9_x86_64):1.4.1:(.whl),,Tusimple-bom.xml/pkg:pypi\scipy@1.4.1?extension=whl&qualifier=cp38-cp38-macosx_10_9_x86_64:d33cc1e8a34e7f29f4c5
,,,scipy:(cp38-cp38-manylinux1_i686):1.4.1:(.whl),,Tusimple-bom.xml/pkg:pypi\scipy@1.4.1?extension=whl&qualifier=cp38-cp38-manylinux1_i686:0d2cb7cc19f4bdc2bea3
,,,scipy:(cp38-cp38-manylinux1_x86_64):1.4.1:(.whl),,Tusimple-bom.xml/pkg:pypi\scipy@1.4.1?extension=whl&qualifier=cp38-cp38-manylinux1_x86_64:dfed209fc540cf107e22
,,,scipy:(cp38-cp38-win32):1.4.1:(.whl),,Tusimple-bom.xml/pkg:pypi\scipy@1.4.1?extension=whl&qualifier=cp38-cp38-win32:970d22228803bc43679f
,,,scipy:(cp38-cp38-win_amd64):1.4.1:(.whl),,Tusimple-bom.xml/pkg:pypi\scipy@1.4.1?extension=whl&qualifier=cp38-cp38-win_amd64:283610cbee7ff4386e60
,,,scipy:1.4.1:(.tar.gz),CVE-2018-1999024,Tusimple-bom.xml/pkg:pypi\scipy@1.4.1?extension=tar.gz:e0ccd8e594ed26a86134
,,,sentinels:1.0.0:(.tar.gz),,Tusimple-bom.xml/pkg:pypi\sentinels@1.0.0?extension=tar.gz:ca8a3f781a6b023f86e1
,,,site2-rabbitfish-common:1.0.0,,Tusimple-bom.xml/pkg:a-name\site2-rabbitfish-common@1.0.0:86799a34166d6d4491e8
,,,six:(py2.py3-none-any):1.15.0:(.whl),,Tusimple-bom.xml/pkg:pypi\six@1.15.0?extension=whl&qualifier=py2.py3-none-any:8730d16507db66e828c6
,,,six:1.15.0:(.tar.gz),,Tusimple-bom.xml/pkg:pypi\six@1.15.0?extension=tar.gz:a785c20658b3676333c7
,,,slack-sdk:(py2.py3-none-any):3.19.1:(.whl),,Tusimple-bom.xml/pkg:pypi\slack-sdk@3.19.1?extension=whl&qualifier=py2.py3-none-any:b94d0d5bfa7ca665f141
,,,slack-sdk:3.19.1:(.tar.gz),,Tusimple-bom.xml/pkg:pypi\slack-sdk@3.19.1?extension=tar.gz:0e5516e148b1b817be93
,,,sortablejs:1.10.2,,Tusimple-bom.xml/pkg:npm\sortablejs@1.10.2:6e40364d913f98b85a14
,,,ssh-import-id:5.5:(.tar.gz),,Tusimple-bom.xml/pkg:pypi\ssh-import-id@5.5?extension=tar.gz:84c69f823ddc64fda39c
,,,throttle-debounce:1.1.0,,Tusimple-bom.xml/pkg:npm\throttle-debounce@1.1.0:51853da37be68a155cb6
,,,tinycolor2:1.4.2,"sonatype-2015-0253, sonatype-2016-0610",Tusimple-bom.xml/pkg:npm\tinycolor2@1.4.2:3f6a4d1071ad07676d7f
,,,traitlets:(py2.py3-none-any):4.3.3:(.whl),,Tusimple-bom.xml/pkg:pypi\traitlets@4.3.3?extension=whl&qualifier=py2.py3-none-any:ec63036c90ccc4047105
,,,traitlets:4.3.3:(.tar.gz),,Tusimple-bom.xml/pkg:pypi\traitlets@4.3.3?extension=tar.gz:1bfff63fcf608ae57202
,,,tslib:1.14.1,,Tusimple-bom.xml/pkg:npm\tslib@1.14.1:cf2d38bdc34a134bcaf1
,,,tslib:2.3.1,,Tusimple-bom.xml/pkg:npm\tslib@2.3.1:e8a335add5ceae51aa26
,,,urllib3:(py2.py3-none-any):1.25.8:(.whl),"CVE-2020-26137, CVE-2021-33503",Tusimple-bom.xml/pkg:pypi\urllib3@1.25.8?extension=whl&qualifier=py2.py3-none-any:c463ecd4d59f4e149e62
,,,urllib3:1.25.8:(.tar.gz),"CVE-2020-26137, CVE-2021-33503",Tusimple-bom.xml/pkg:pypi\urllib3@1.25.8?extension=tar.gz:9472ecc3e3d87168a8bd
,,,vue-avatar:2.3.3,,Tusimple-bom.xml/pkg:npm\vue-avatar@2.3.3:e125bf4f4a6f4f9480da
,,,vue-clickaway:2.2.2,,Tusimple-bom.xml/pkg:npm\vue-clickaway@2.2.2:cecf6839575e8b2afc5d
,,,vue-context:6.0.0,,Tusimple-bom.xml/pkg:npm\vue-context@6.0.0:97a1a423fc86fb7a54f4
,,,vue-router:3.4.9,,Tusimple-bom.xml/pkg:npm\vue-router@3.4.9:c016f42030ae2932f14e
,,,vue:2.6.12,"sonatype-2019-0454, sonatype-2020-0545",Tusimple-bom.xml/pkg:npm\vue@2.6.12:f5ebd4fa6bd2869403e2
,,,vuedraggable:2.24.3,,Tusimple-bom.xml/pkg:npm\vuedraggable@2.24.3:43c93849b746a24ce503
,,,watch-size:2.0.0,,Tusimple-bom.xml/pkg:npm\watch-size@2.0.0:096ee28d0365bd7ea03d
,,,wcwidth:(py2.py3-none-any):0.1.8:(.whl),,Tusimple-bom.xml/pkg:pypi\wcwidth@0.1.8?extension=whl&qualifier=py2.py3-none-any:72f09ee546434b265862
,,,wcwidth:0.1.8:(.tar.gz),,Tusimple-bom.xml/pkg:pypi\wcwidth@0.1.8?extension=tar.gz:1d4d06efe1380b20ba5a
,,,zipp:(py2.py3-none-any):1.2.0:(.whl),,Tusimple-bom.xml/pkg:pypi\zipp@1.2.0?extension=whl&qualifier=py2.py3-none-any:ba927d0181dc282776bb
,,,zipp:1.2.0:(.tar.gz),,Tusimple-bom.xml/pkg:pypi\zipp@1.2.0?extension=tar.gz:a96df3c929981b254521